subscription_id,payment_date,amount,plan_id
S0001,2023-06-06,399.9,4
S0001,2024-06-05,399.9,4
S0002,2023-11-22,399.9,4
S0002,2024-11-21,399.9,4
S0003,2024-09-24,399.9,4
S0004,2022-04-05,49.9,2
S0004,2022-05-05,49.9,2
S0004,2022-06-04,49.9,2
S0004,2022-07-04,49.9,2
S0004,2022-08-03,49.9,2
S0004,2022-09-02,49.9,2
S0004,2022-10-02,49.9,2
S0004,2022-11-01,49.9,2
S0004,2022-12-01,49.9,2
S0004,2022-12-31,49.9,2
S0004,2023-01-30,49.9,2
S0004,2023-03-01,49.9,2
S0004,2023-03-31,49.9,2
S0004,2023-04-30,49.9,2
S0005,2022-01-24,129.9,3
S0005,2022-04-24,129.9,3
S0005,2022-07-23,129.9,3
S0005,2022-10-21,129.9,3
S0005,2023-01-19,129.9,3
S0005,2023-04-19,129.9,3
S0005,2023-07-18,129.9,3
S0005,2023-10-16,129.9,3
S0005,2024-01-14,129.9,3
S0005,2024-04-13,129.9,3
S0005,2024-07-12,129.9,3
S0005,2024-10-10,129.9,3
S0006,2024-08-14,29.9,1
S0006,2024-09-13,29.9,1
S0006,2024-10-13,29.9,1
S0006,2024-11-12,29.9,1
S0006,2024-12-12,29.9,1
S0007,2024-02-27,29.9,1
S0008,2022-03-10,49.9,2
S0008,2022-04-09,49.9,2
S0008,2022-05-09,49.9,2
S0008,2022-06-08,49.9,2
S0009,2022-09-17,129.9,3
S0009,2022-12-16,129.9,3
S0010,2022-07-29,29.9,1
S0010,2022-08-28,29.9,1
S0011,2023-03-24,29.9,1
S0011,2023-04-23,29.9,1
S0011,2023-05-23,29.9,1
S0011,2023-06-22,29.9,1
S0011,2023-07-22,29.9,1
S0011,2023-08-21,29.9,1
S0011,2023-09-20,29.9,1
S0011,2023-10-20,29.9,1
S0011,2023-11-19,29.9,1
S0011,2023-12-19,29.9,1
S0011,2024-01-18,29.9,1
S0011,2024-02-17,29.9,1
S0011,2024-03-18,29.9,1
S0011,2024-04-17,29.9,1
S0011,2024-05-17,29.9,1
S0011,2024-06-16,29.9,1
S0011,2024-07-16,29.9,1
S0011,2024-08-15,29.9,1
S0011,2024-09-14,29.9,1
S0011,2024-10-14,29.9,1
S0011,2024-11-13,29.9,1
S0011,2024-12-13,29.9,1
S0012,2023-08-09,399.9,4
S0012,2024-08-08,399.9,4
S0013,2024-08-04,399.9,4
S0014,2023-08-06,129.9,3
S0014,2023-11-04,129.9,3
S0014,2024-02-02,129.9,3
S0014,2024-05-02,129.9,3
S0014,2024-07-31,129.9,3
S0014,2024-10-29,129.9,3
S0015,2022-05-30,399.9,4
S0015,2023-05-30,399.9,4
S0015,2024-05-29,399.9,4
S0016,2023-12-15,29.9,1
S0016,2024-01-14,29.9,1
S0016,2024-02-13,29.9,1
S0016,2024-03-14,29.9,1
S0016,2024-04-13,29.9,1
S0017,2022-06-09,399.9,4
S0017,2023-06-09,399.9,4
S0017,2024-06-08,399.9,4
S0018,2022-10-12,29.9,1
S0018,2022-11-11,29.9,1
S0018,2022-12-11,29.9,1
S0018,2023-01-10,29.9,1
S0018,2023-02-09,29.9,1
S0018,2023-03-11,29.9,1
S0018,2023-04-10,29.9,1
S0018,2023-05-10,29.9,1
S0018,2023-06-09,29.9,1
S0018,2023-07-09,29.9,1
S0018,2023-08-08,29.9,1
S0018,2023-09-07,29.9,1
S0018,2023-10-07,29.9,1
S0018,2023-11-06,29.9,1
S0018,2023-12-06,29.9,1
S0018,2024-01-05,29.9,1
S0018,2024-02-04,29.9,1
S0018,2024-03-05,29.9,1
S0018,2024-04-04,29.9,1
S0018,2024-05-04,29.9,1
S0018,2024-06-03,29.9,1
S0018,2024-07-03,29.9,1
S0018,2024-08-02,29.9,1
S0018,2024-09-01,29.9,1
S0018,2024-10-01,29.9,1
S0018,2024-10-31,29.9,1
S0018,2024-11-30,29.9,1
S0018,2024-12-30,29.9,1
S0019,2022-02-15,399.9,4
S0019,2023-02-15,399.9,4
S0019,2024-02-15,399.9,4
S0020,2022-11-21,129.9,3
S0021,2023-10-04,49.9,2
S0021,2023-11-03,49.9,2
S0021,2023-12-03,49.9,2
S0021,2024-01-02,49.9,2
S0021,2024-02-01,49.9,2
S0021,2024-03-02,49.9,2
S0021,2024-04-01,49.9,2
S0021,2024-05-01,49.9,2
S0021,2024-05-31,49.9,2
S0021,2024-06-30,49.9,2
S0021,2024-07-30,49.9,2
S0021,2024-08-29,49.9,2
S0021,2024-09-28,49.9,2
S0021,2024-10-28,49.9,2
S0022,2022-12-03,399.9,4
S0022,2023-12-03,399.9,4
S0022,2024-12-02,399.9,4
S0023,2022-11-12,29.9,1
S0023,2022-12-12,29.9,1
S0023,2023-01-11,29.9,1
S0023,2023-02-10,29.9,1
S0023,2023-03-12,29.9,1
S0023,2023-04-11,29.9,1
S0023,2023-05-11,29.9,1
S0023,2023-06-10,29.9,1
S0023,2023-07-10,29.9,1
S0023,2023-08-09,29.9,1
S0023,2023-09-08,29.9,1
S0023,2023-10-08,29.9,1
S0023,2023-11-07,29.9,1
S0023,2023-12-07,29.9,1
S0023,2024-01-06,29.9,1
S0023,2024-02-05,29.9,1
S0023,2024-03-06,29.9,1
S0023,2024-04-05,29.9,1
S0023,2024-05-05,29.9,1
S0023,2024-06-04,29.9,1
S0023,2024-07-04,29.9,1
S0023,2024-08-03,29.9,1
S0023,2024-09-02,29.9,1
S0023,2024-10-02,29.9,1
S0023,2024-11-01,29.9,1
S0024,2022-05-26,29.9,1
S0024,2022-06-25,29.9,1
S0024,2022-07-25,29.9,1
S0024,2022-08-24,29.9,1
S0024,2022-09-23,29.9,1
S0024,2022-10-23,29.9,1
S0024,2022-11-22,29.9,1
S0024,2022-12-22,29.9,1
S0024,2023-01-21,29.9,1
S0024,2023-02-20,29.9,1
S0024,2023-03-22,29.9,1
S0024,2023-04-21,29.9,1
S0024,2023-05-21,29.9,1
S0024,2023-06-20,29.9,1
S0024,2023-07-20,29.9,1
S0024,2023-08-19,29.9,1
S0024,2023-09-18,29.9,1
S0024,2023-10-18,29.9,1
S0024,2023-11-17,29.9,1
S0024,2023-12-17,29.9,1
S0024,2024-01-16,29.9,1
S0024,2024-02-15,29.9,1
S0024,2024-03-16,29.9,1
S0024,2024-04-15,29.9,1
S0024,2024-05-15,29.9,1
S0024,2024-06-14,29.9,1
S0024,2024-07-14,29.9,1
S0024,2024-08-13,29.9,1
S0024,2024-09-12,29.9,1
S0024,2024-10-12,29.9,1
S0024,2024-11-11,29.9,1
S0024,2024-12-11,29.9,1
S0025,2022-07-18,399.9,4
S0025,2023-07-18,399.9,4
S0025,2024-07-17,399.9,4
S0026,2022-10-30,399.9,4
S0026,2023-10-30,399.9,4
S0026,2024-10-29,399.9,4
S0027,2023-05-25,399.9,4
S0027,2024-05-24,399.9,4
S0028,2024-07-16,49.9,2
S0028,2024-08-15,49.9,2
S0028,2024-09-14,49.9,2
S0028,2024-10-14,49.9,2
S0028,2024-11-13,49.9,2
S0028,2024-12-13,49.9,2
S0029,2022-11-18,29.9,1
S0029,2022-12-18,29.9,1
S0029,2023-01-17,29.9,1
S0029,2023-02-16,29.9,1
S0029,2023-03-18,29.9,1
S0029,2023-04-17,29.9,1
S0029,2023-05-17,29.9,1
S0029,2023-06-16,29.9,1
S0029,2023-07-16,29.9,1
S0029,2023-08-15,29.9,1
S0029,2023-09-14,29.9,1
S0029,2023-10-14,29.9,1
S0029,2023-11-13,29.9,1
S0029,2023-12-13,29.9,1
S0030,2022-10-06,49.9,2
S0030,2022-11-05,49.9,2
S0030,2022-12-05,49.9,2
S0030,2023-01-04,49.9,2
S0030,2023-02-03,49.9,2
S0030,2023-03-05,49.9,2
S0030,2023-04-04,49.9,2
S0030,2023-05-04,49.9,2
S0030,2023-06-03,49.9,2
S0030,2023-07-03,49.9,2
S0030,2023-08-02,49.9,2
S0031,2024-08-31,399.9,4
S0032,2023-05-19,29.9,1
S0032,2023-06-18,29.9,1
S0032,2023-07-18,29.9,1
S0032,2023-08-17,29.9,1
S0032,2023-09-16,29.9,1
S0032,2023-10-16,29.9,1
S0032,2023-11-15,29.9,1
S0032,2023-12-15,29.9,1
S0032,2024-01-14,29.9,1
S0032,2024-02-13,29.9,1
S0032,2024-03-14,29.9,1
S0032,2024-04-13,29.9,1
S0032,2024-05-13,29.9,1
S0032,2024-06-12,29.9,1
S0032,2024-07-12,29.9,1
S0032,2024-08-11,29.9,1
S0032,2024-09-10,29.9,1
S0032,2024-10-10,29.9,1
S0032,2024-11-09,29.9,1
S0032,2024-12-09,29.9,1
S0033,2022-02-26,399.9,4
S0033,2023-02-26,399.9,4
S0034,2022-10-29,399.9,4
S0034,2023-10-29,399.9,4
S0034,2024-10-28,399.9,4
S0035,2024-01-29,399.9,4
S0036,2024-04-28,49.9,2
S0036,2024-05-28,49.9,2
S0036,2024-06-27,49.9,2
S0037,2022-07-30,399.9,4
S0037,2023-07-30,399.9,4
S0037,2024-07-29,399.9,4
S0038,2022-05-22,49.9,2
S0038,2022-06-21,49.9,2
S0038,2022-07-21,49.9,2
S0038,2022-08-20,49.9,2
S0038,2022-09-19,49.9,2
S0038,2022-10-19,49.9,2
S0039,2023-06-11,129.9,3
S0039,2023-09-09,129.9,3
S0039,2023-12-08,129.9,3
S0039,2024-03-07,129.9,3
S0039,2024-06-05,129.9,3
S0039,2024-09-03,129.9,3
S0039,2024-12-02,129.9,3
S0040,2024-04-05,399.9,4
S0041,2023-04-05,29.9,1
S0041,2023-05-05,29.9,1
S0041,2023-06-04,29.9,1
S0041,2023-07-04,29.9,1
S0041,2023-08-03,29.9,1
S0041,2023-09-02,29.9,1
S0041,2023-10-02,29.9,1
S0041,2023-11-01,29.9,1
S0041,2023-12-01,29.9,1
S0041,2023-12-31,29.9,1
S0041,2024-01-30,29.9,1
S0041,2024-02-29,29.9,1
S0041,2024-03-30,29.9,1
S0041,2024-04-29,29.9,1
S0041,2024-05-29,29.9,1
S0041,2024-06-28,29.9,1
S0041,2024-07-28,29.9,1
S0041,2024-08-27,29.9,1
S0041,2024-09-26,29.9,1
S0041,2024-10-26,29.9,1
S0041,2024-11-25,29.9,1
S0041,2024-12-25,29.9,1
S0042,2023-04-04,49.9,2
S0042,2023-05-04,49.9,2
S0042,2023-06-03,49.9,2
S0042,2023-07-03,49.9,2
S0042,2023-08-02,49.9,2
S0042,2023-09-01,49.9,2
S0042,2023-10-01,49.9,2
S0042,2023-10-31,49.9,2
S0042,2023-11-30,49.9,2
S0042,2023-12-30,49.9,2
S0042,2024-01-29,49.9,2
S0042,2024-02-28,49.9,2
S0042,2024-03-29,49.9,2
S0042,2024-04-28,49.9,2
S0042,2024-05-28,49.9,2
S0042,2024-06-27,49.9,2
S0042,2024-07-27,49.9,2
S0042,2024-08-26,49.9,2
S0042,2024-09-25,49.9,2
S0042,2024-10-25,49.9,2
S0042,2024-11-24,49.9,2
S0042,2024-12-24,49.9,2
S0043,2024-06-15,29.9,1
S0043,2024-07-15,29.9,1
S0043,2024-08-14,29.9,1
S0043,2024-09-13,29.9,1
S0044,2023-03-21,129.9,3
S0044,2023-06-19,129.9,3
S0044,2023-09-17,129.9,3
S0044,2023-12-16,129.9,3
S0044,2024-03-15,129.9,3
S0044,2024-06-13,129.9,3
S0044,2024-09-11,129.9,3
S0044,2024-12-10,129.9,3
S0045,2023-11-14,29.9,1
S0045,2023-12-14,29.9,1
S0045,2024-01-13,29.9,1
S0045,2024-02-12,29.9,1
S0045,2024-03-13,29.9,1
S0045,2024-04-12,29.9,1
S0046,2023-03-15,399.9,4
S0046,2024-03-14,399.9,4
S0047,2023-06-24,49.9,2
S0047,2023-07-24,49.9,2
S0047,2023-08-23,49.9,2
S0047,2023-09-22,49.9,2
S0047,2023-10-22,49.9,2
S0047,2023-11-21,49.9,2
S0047,2023-12-21,49.9,2
S0047,2024-01-20,49.9,2
S0047,2024-02-19,49.9,2
S0047,2024-03-20,49.9,2
S0047,2024-04-19,49.9,2
S0047,2024-05-19,49.9,2
S0047,2024-06-18,49.9,2
S0048,2023-03-13,129.9,3
S0048,2023-06-11,129.9,3
S0049,2024-06-28,49.9,2
S0049,2024-07-28,49.9,2
S0049,2024-08-27,49.9,2
S0049,2024-09-26,49.9,2
S0049,2024-10-26,49.9,2
S0049,2024-11-25,49.9,2
S0050,2024-08-31,29.9,1
S0050,2024-09-30,29.9,1
S0050,2024-10-30,29.9,1
S0050,2024-11-29,29.9,1
S0050,2024-12-29,29.9,1
S0051,2023-02-16,29.9,1
S0051,2023-03-18,29.9,1
S0051,2023-04-17,29.9,1
S0051,2023-05-17,29.9,1
S0051,2023-06-16,29.9,1
S0051,2023-07-16,29.9,1
S0051,2023-08-15,29.9,1
S0051,2023-09-14,29.9,1
S0051,2023-10-14,29.9,1
S0051,2023-11-13,29.9,1
S0051,2023-12-13,29.9,1
S0051,2024-01-12,29.9,1
S0051,2024-02-11,29.9,1
S0051,2024-03-12,29.9,1
S0051,2024-04-11,29.9,1
S0051,2024-05-11,29.9,1
S0051,2024-06-10,29.9,1
S0051,2024-07-10,29.9,1
S0051,2024-08-09,29.9,1
S0051,2024-09-08,29.9,1
S0051,2024-10-08,29.9,1
S0051,2024-11-07,29.9,1
S0051,2024-12-07,29.9,1
S0052,2023-11-18,399.9,4
S0052,2024-11-17,399.9,4
S0053,2022-02-27,49.9,2
S0053,2022-03-29,49.9,2
S0053,2022-04-28,49.9,2
S0053,2022-05-28,49.9,2
S0053,2022-06-27,49.9,2
S0053,2022-07-27,49.9,2
S0053,2022-08-26,49.9,2
S0053,2022-09-25,49.9,2
S0053,2022-10-25,49.9,2
S0053,2022-11-24,49.9,2
S0053,2022-12-24,49.9,2
S0053,2023-01-23,49.9,2
S0053,2023-02-22,49.9,2
S0053,2023-03-24,49.9,2
S0053,2023-04-23,49.9,2
S0053,2023-05-23,49.9,2
S0053,2023-06-22,49.9,2
S0053,2023-07-22,49.9,2
S0053,2023-08-21,49.9,2
S0053,2023-09-20,49.9,2
S0053,2023-10-20,49.9,2
S0053,2023-11-19,49.9,2
S0053,2023-12-19,49.9,2
S0053,2024-01-18,49.9,2
S0054,2024-08-22,49.9,2
S0054,2024-09-21,49.9,2
S0054,2024-10-21,49.9,2
S0054,2024-11-20,49.9,2
S0054,2024-12-20,49.9,2
S0055,2022-10-04,49.9,2
S0055,2022-11-03,49.9,2
S0055,2022-12-03,49.9,2
S0055,2023-01-02,49.9,2
S0055,2023-02-01,49.9,2
S0055,2023-03-03,49.9,2
S0055,2023-04-02,49.9,2
S0055,2023-05-02,49.9,2
S0055,2023-06-01,49.9,2
S0055,2023-07-01,49.9,2
S0055,2023-07-31,49.9,2
S0055,2023-08-30,49.9,2
S0055,2023-09-29,49.9,2
S0055,2023-10-29,49.9,2
S0055,2023-11-28,49.9,2
S0055,2023-12-28,49.9,2
S0055,2024-01-27,49.9,2
S0055,2024-02-26,49.9,2
S0055,2024-03-27,49.9,2
S0055,2024-04-26,49.9,2
S0055,2024-05-26,49.9,2
S0055,2024-06-25,49.9,2
S0055,2024-07-25,49.9,2
S0055,2024-08-24,49.9,2
S0055,2024-09-23,49.9,2
S0055,2024-10-23,49.9,2
S0055,2024-11-22,49.9,2
S0055,2024-12-22,49.9,2
S0056,2024-04-20,129.9,3
S0056,2024-07-19,129.9,3
S0056,2024-10-17,129.9,3
S0057,2023-04-11,29.9,1
S0057,2023-05-11,29.9,1
S0057,2023-06-10,29.9,1
S0057,2023-07-10,29.9,1
S0058,2024-01-30,129.9,3
S0058,2024-04-29,129.9,3
S0058,2024-07-28,129.9,3
S0058,2024-10-26,129.9,3
S0059,2024-06-16,29.9,1
S0059,2024-07-16,29.9,1
S0059,2024-08-15,29.9,1
S0059,2024-09-14,29.9,1
S0059,2024-10-14,29.9,1
S0059,2024-11-13,29.9,1
S0059,2024-12-13,29.9,1
S0060,2023-07-18,49.9,2
S0060,2023-08-17,49.9,2
S0060,2023-09-16,49.9,2
S0060,2023-10-16,49.9,2
S0060,2023-11-15,49.9,2
S0060,2023-12-15,49.9,2
S0060,2024-01-14,49.9,2
S0060,2024-02-13,49.9,2
S0060,2024-03-14,49.9,2
S0060,2024-04-13,49.9,2
S0060,2024-05-13,49.9,2
S0060,2024-06-12,49.9,2
S0060,2024-07-12,49.9,2
S0060,2024-08-11,49.9,2
S0060,2024-09-10,49.9,2
S0060,2024-10-10,49.9,2
S0060,2024-11-09,49.9,2
S0060,2024-12-09,49.9,2
S0061,2023-03-25,49.9,2
S0061,2023-04-24,49.9,2
S0061,2023-05-24,49.9,2
S0061,2023-06-23,49.9,2
S0061,2023-07-23,49.9,2
S0061,2023-08-22,49.9,2
S0061,2023-09-21,49.9,2
S0061,2023-10-21,49.9,2
S0061,2023-11-20,49.9,2
S0061,2023-12-20,49.9,2
S0061,2024-01-19,49.9,2
S0061,2024-02-18,49.9,2
S0061,2024-03-19,49.9,2
S0061,2024-04-18,49.9,2
S0061,2024-05-18,49.9,2
S0061,2024-06-17,49.9,2
S0061,2024-07-17,49.9,2
S0061,2024-08-16,49.9,2
S0061,2024-09-15,49.9,2
S0061,2024-10-15,49.9,2
S0061,2024-11-14,49.9,2
S0061,2024-12-14,49.9,2
S0062,2023-05-11,399.9,4
S0063,2024-03-25,399.9,4
S0064,2022-07-07,399.9,4
S0064,2023-07-07,399.9,4
S0064,2024-07-06,399.9,4
S0065,2024-03-22,129.9,3
S0065,2024-06-20,129.9,3
S0065,2024-09-18,129.9,3
S0065,2024-12-17,129.9,3
S0066,2023-05-06,49.9,2
S0066,2023-06-05,49.9,2
S0066,2023-07-05,49.9,2
S0066,2023-08-04,49.9,2
S0066,2023-09-03,49.9,2
S0066,2023-10-03,49.9,2
S0066,2023-11-02,49.9,2
S0066,2023-12-02,49.9,2
S0066,2024-01-01,49.9,2
S0066,2024-01-31,49.9,2
S0066,2024-03-01,49.9,2
S0066,2024-03-31,49.9,2
S0066,2024-04-30,49.9,2
S0066,2024-05-30,49.9,2
S0066,2024-06-29,49.9,2
S0066,2024-07-29,49.9,2
S0066,2024-08-28,49.9,2
S0066,2024-09-27,49.9,2
S0066,2024-10-27,49.9,2
S0066,2024-11-26,49.9,2
S0066,2024-12-26,49.9,2
S0067,2022-09-09,129.9,3
S0067,2022-12-08,129.9,3
S0067,2023-03-08,129.9,3
S0067,2023-06-06,129.9,3
S0067,2023-09-04,129.9,3
S0067,2023-12-03,129.9,3
S0067,2024-03-02,129.9,3
S0067,2024-05-31,129.9,3
S0067,2024-08-29,129.9,3
S0067,2024-11-27,129.9,3
S0068,2024-03-10,129.9,3
S0068,2024-06-08,129.9,3
S0068,2024-09-06,129.9,3
S0068,2024-12-05,129.9,3
S0069,2022-02-16,49.9,2
S0069,2022-03-18,49.9,2
S0069,2022-04-17,49.9,2
S0069,2022-05-17,49.9,2
S0069,2022-06-16,49.9,2
S0070,2022-05-05,399.9,4
S0070,2023-05-05,399.9,4
S0070,2024-05-04,399.9,4
S0071,2024-02-13,29.9,1
S0071,2024-03-14,29.9,1
S0072,2024-02-29,399.9,4
S0073,2023-10-09,49.9,2
S0073,2023-11-08,49.9,2
S0073,2023-12-08,49.9,2
S0073,2024-01-07,49.9,2
S0073,2024-02-06,49.9,2
S0073,2024-03-07,49.9,2
S0073,2024-04-06,49.9,2
S0073,2024-05-06,49.9,2
S0073,2024-06-05,49.9,2
S0073,2024-07-05,49.9,2
S0073,2024-08-04,49.9,2
S0073,2024-09-03,49.9,2
S0073,2024-10-03,49.9,2
S0073,2024-11-02,49.9,2
S0073,2024-12-02,49.9,2
S0074,2022-09-20,399.9,4
S0074,2023-09-20,399.9,4
S0074,2024-09-19,399.9,4
S0075,2024-08-12,29.9,1
S0075,2024-09-11,29.9,1
S0075,2024-10-11,29.9,1
S0075,2024-11-10,29.9,1
S0075,2024-12-10,29.9,1
S0076,2024-07-02,399.9,4
S0077,2023-07-11,399.9,4
S0077,2024-07-10,399.9,4
S0078,2022-09-23,129.9,3
S0078,2022-12-22,129.9,3
S0078,2023-03-22,129.9,3
S0078,2023-06-20,129.9,3
S0078,2023-09-18,129.9,3
S0078,2023-12-17,129.9,3
S0078,2024-03-16,129.9,3
S0078,2024-06-14,129.9,3
S0078,2024-09-12,129.9,3
S0078,2024-12-11,129.9,3
S0079,2024-08-24,129.9,3
S0079,2024-11-22,129.9,3
S0080,2022-03-04,399.9,4
S0080,2023-03-04,399.9,4
S0080,2024-03-03,399.9,4
S0081,2024-07-25,399.9,4
S0082,2023-03-21,399.9,4
S0082,2024-03-20,399.9,4
S0083,2024-02-09,49.9,2
S0083,2024-03-10,49.9,2
S0083,2024-04-09,49.9,2
S0083,2024-05-09,49.9,2
S0083,2024-06-08,49.9,2
S0083,2024-07-08,49.9,2
S0083,2024-08-07,49.9,2
S0083,2024-09-06,49.9,2
S0083,2024-10-06,49.9,2
S0083,2024-11-05,49.9,2
S0083,2024-12-05,49.9,2
S0084,2024-04-29,29.9,1
S0084,2024-05-29,29.9,1
S0084,2024-06-28,29.9,1
S0084,2024-07-28,29.9,1
S0084,2024-08-27,29.9,1
S0084,2024-09-26,29.9,1
S0084,2024-10-26,29.9,1
S0084,2024-11-25,29.9,1
S0084,2024-12-25,29.9,1
S0085,2022-08-17,399.9,4
S0085,2023-08-17,399.9,4
S0085,2024-08-16,399.9,4
S0086,2023-11-20,29.9,1
S0086,2023-12-20,29.9,1
S0086,2024-01-19,29.9,1
S0086,2024-02-18,29.9,1
S0086,2024-03-19,29.9,1
S0086,2024-04-18,29.9,1
S0086,2024-05-18,29.9,1
S0086,2024-06-17,29.9,1
S0086,2024-07-17,29.9,1
S0086,2024-08-16,29.9,1
S0086,2024-09-15,29.9,1
S0086,2024-10-15,29.9,1
S0086,2024-11-14,29.9,1
S0086,2024-12-14,29.9,1
S0087,2022-02-04,129.9,3
S0087,2022-05-05,129.9,3
S0087,2022-08-03,129.9,3
S0088,2024-09-21,129.9,3
S0088,2024-12-20,129.9,3
S0089,2023-06-16,49.9,2
S0089,2023-07-16,49.9,2
S0089,2023-08-15,49.9,2
S0089,2023-09-14,49.9,2
S0089,2023-10-14,49.9,2
S0089,2023-11-13,49.9,2
S0089,2023-12-13,49.9,2
S0089,2024-01-12,49.9,2
S0089,2024-02-11,49.9,2
S0089,2024-03-12,49.9,2
S0089,2024-04-11,49.9,2
S0089,2024-05-11,49.9,2
S0090,2023-05-31,29.9,1
S0090,2023-06-30,29.9,1
S0090,2023-07-30,29.9,1
S0090,2023-08-29,29.9,1
S0090,2023-09-28,29.9,1
S0090,2023-10-28,29.9,1
S0090,2023-11-27,29.9,1
S0090,2023-12-27,29.9,1
S0090,2024-01-26,29.9,1
S0090,2024-02-25,29.9,1
S0090,2024-03-26,29.9,1
S0090,2024-04-25,29.9,1
S0090,2024-05-25,29.9,1
S0090,2024-06-24,29.9,1
S0090,2024-07-24,29.9,1
S0091,2024-08-11,49.9,2
S0091,2024-09-10,49.9,2
S0091,2024-10-10,49.9,2
S0091,2024-11-09,49.9,2
S0091,2024-12-09,49.9,2
S0092,2022-11-16,129.9,3
S0092,2023-02-14,129.9,3
S0092,2023-05-15,129.9,3
S0092,2023-08-13,129.9,3
S0092,2023-11-11,129.9,3
S0092,2024-02-09,129.9,3
S0092,2024-05-09,129.9,3
S0092,2024-08-07,129.9,3
S0093,2023-02-15,399.9,4
S0093,2024-02-15,399.9,4
S0094,2023-12-02,129.9,3
S0094,2024-03-01,129.9,3
S0094,2024-05-30,129.9,3
S0095,2024-06-23,129.9,3
S0095,2024-09-21,129.9,3
S0095,2024-12-20,129.9,3
S0096,2023-11-24,49.9,2
S0096,2023-12-24,49.9,2
S0096,2024-01-23,49.9,2
S0096,2024-02-22,49.9,2
S0096,2024-03-23,49.9,2
S0096,2024-04-22,49.9,2
S0096,2024-05-22,49.9,2
S0096,2024-06-21,49.9,2
S0096,2024-07-21,49.9,2
S0096,2024-08-20,49.9,2
S0096,2024-09-19,49.9,2
S0096,2024-10-19,49.9,2
S0096,2024-11-18,49.9,2
S0096,2024-12-18,49.9,2
S0097,2023-12-05,399.9,4
S0097,2024-12-04,399.9,4
S0098,2023-12-27,29.9,1
S0098,2024-01-26,29.9,1
S0098,2024-02-25,29.9,1
S0098,2024-03-26,29.9,1
S0098,2024-04-25,29.9,1
S0098,2024-05-25,29.9,1
S0098,2024-06-24,29.9,1
S0098,2024-07-24,29.9,1
S0098,2024-08-23,29.9,1
S0099,2023-10-17,399.9,4
S0099,2024-10-16,399.9,4
S0100,2022-11-29,29.9,1
S0100,2022-12-29,29.9,1
S0100,2023-01-28,29.9,1
S0100,2023-02-27,29.9,1
S0101,2024-09-14,399.9,4
S0102,2022-11-21,399.9,4
S0102,2023-11-21,399.9,4
S0102,2024-11-20,399.9,4
S0103,2022-07-03,129.9,3
S0103,2022-10-01,129.9,3
S0103,2022-12-30,129.9,3
S0103,2023-03-30,129.9,3
S0103,2023-06-28,129.9,3
S0103,2023-09-26,129.9,3
S0103,2023-12-25,129.9,3
S0103,2024-03-24,129.9,3
S0103,2024-06-22,129.9,3
S0103,2024-09-20,129.9,3
S0103,2024-12-19,129.9,3
S0104,2022-02-14,49.9,2
S0104,2022-03-16,49.9,2
S0104,2022-04-15,49.9,2
S0104,2022-05-15,49.9,2
S0104,2022-06-14,49.9,2
S0104,2022-07-14,49.9,2
S0104,2022-08-13,49.9,2
S0105,2024-04-28,129.9,3
S0105,2024-07-27,129.9,3
S0105,2024-10-25,129.9,3
S0106,2022-02-01,129.9,3
S0106,2022-05-02,129.9,3
S0106,2022-07-31,129.9,3
S0106,2022-10-29,129.9,3
S0106,2023-01-27,129.9,3
S0107,2024-05-17,399.9,4
S0108,2023-08-18,129.9,3
S0108,2023-11-16,129.9,3
S0108,2024-02-14,129.9,3
S0109,2023-08-04,29.9,1
S0109,2023-09-03,29.9,1
S0109,2023-10-03,29.9,1
S0109,2023-11-02,29.9,1
S0110,2022-07-10,399.9,4
S0110,2023-07-10,399.9,4
S0110,2024-07-09,399.9,4
S0111,2023-03-07,399.9,4
S0111,2024-03-06,399.9,4
S0112,2023-03-08,399.9,4
S0112,2024-03-07,399.9,4
S0113,2022-06-27,129.9,3
S0113,2022-09-25,129.9,3
S0113,2022-12-24,129.9,3
S0113,2023-03-24,129.9,3
S0113,2023-06-22,129.9,3
S0113,2023-09-20,129.9,3
S0113,2023-12-19,129.9,3
S0113,2024-03-18,129.9,3
S0113,2024-06-16,129.9,3
S0113,2024-09-14,129.9,3
S0114,2023-04-01,129.9,3
S0114,2023-06-30,129.9,3
S0115,2022-03-08,129.9,3
S0115,2022-06-06,129.9,3
S0115,2022-09-04,129.9,3
S0115,2022-12-03,129.9,3
S0115,2023-03-03,129.9,3
S0115,2023-06-01,129.9,3
S0115,2023-08-30,129.9,3
S0115,2023-11-28,129.9,3
S0115,2024-02-26,129.9,3
S0115,2024-05-26,129.9,3
S0115,2024-08-24,129.9,3
S0115,2024-11-22,129.9,3
S0116,2022-06-21,49.9,2
S0116,2022-07-21,49.9,2
S0116,2022-08-20,49.9,2
S0116,2022-09-19,49.9,2
S0116,2022-10-19,49.9,2
S0116,2022-11-18,49.9,2
S0116,2022-12-18,49.9,2
S0116,2023-01-17,49.9,2
S0116,2023-02-16,49.9,2
S0116,2023-03-18,49.9,2
S0117,2022-08-16,399.9,4
S0117,2023-08-16,399.9,4
S0117,2024-08-15,399.9,4
S0118,2024-08-16,29.9,1
S0118,2024-09-15,29.9,1
S0118,2024-10-15,29.9,1
S0118,2024-11-14,29.9,1
S0118,2024-12-14,29.9,1
S0119,2022-09-04,129.9,3
S0119,2022-12-03,129.9,3
S0119,2023-03-03,129.9,3
S0119,2023-06-01,129.9,3
S0119,2023-08-30,129.9,3
S0119,2023-11-28,129.9,3
S0119,2024-02-26,129.9,3
S0119,2024-05-26,129.9,3
S0119,2024-08-24,129.9,3
S0119,2024-11-22,129.9,3
S0120,2024-03-28,49.9,2
S0120,2024-04-27,49.9,2
S0120,2024-05-27,49.9,2
S0120,2024-06-26,49.9,2
S0121,2023-12-20,29.9,1
S0121,2024-01-19,29.9,1
S0121,2024-02-18,29.9,1
S0121,2024-03-19,29.9,1
S0121,2024-04-18,29.9,1
S0122,2023-07-04,129.9,3
S0122,2023-10-02,129.9,3
S0122,2023-12-31,129.9,3
S0122,2024-03-30,129.9,3
S0122,2024-06-28,129.9,3
S0122,2024-09-26,129.9,3
S0122,2024-12-25,129.9,3
S0123,2023-09-15,49.9,2
S0123,2023-10-15,49.9,2
S0123,2023-11-14,49.9,2
S0123,2023-12-14,49.9,2
S0123,2024-01-13,49.9,2
S0123,2024-02-12,49.9,2
S0123,2024-03-13,49.9,2
S0123,2024-04-12,49.9,2
S0123,2024-05-12,49.9,2
S0123,2024-06-11,49.9,2
S0123,2024-07-11,49.9,2
S0123,2024-08-10,49.9,2
S0123,2024-09-09,49.9,2
S0123,2024-10-09,49.9,2
S0123,2024-11-08,49.9,2
S0123,2024-12-08,49.9,2
S0124,2023-02-13,29.9,1
S0124,2023-03-15,29.9,1
S0124,2023-04-14,29.9,1
S0124,2023-05-14,29.9,1
S0124,2023-06-13,29.9,1
S0124,2023-07-13,29.9,1
S0124,2023-08-12,29.9,1
S0124,2023-09-11,29.9,1
S0124,2023-10-11,29.9,1
S0125,2024-02-06,129.9,3
S0125,2024-05-06,129.9,3
S0125,2024-08-04,129.9,3
S0125,2024-11-02,129.9,3
S0126,2022-06-12,49.9,2
S0126,2022-07-12,49.9,2
S0127,2023-05-27,49.9,2
S0127,2023-06-26,49.9,2
S0127,2023-07-26,49.9,2
S0127,2023-08-25,49.9,2
S0127,2023-09-24,49.9,2
S0127,2023-10-24,49.9,2
S0127,2023-11-23,49.9,2
S0127,2023-12-23,49.9,2
S0127,2024-01-22,49.9,2
S0127,2024-02-21,49.9,2
S0127,2024-03-22,49.9,2
S0127,2024-04-21,49.9,2
S0128,2023-11-03,129.9,3
S0128,2024-02-01,129.9,3
S0128,2024-05-01,129.9,3
S0128,2024-07-30,129.9,3
S0128,2024-10-28,129.9,3
S0129,2023-03-18,49.9,2
S0129,2023-04-17,49.9,2
S0129,2023-05-17,49.9,2
S0129,2023-06-16,49.9,2
S0130,2022-02-03,129.9,3
S0130,2022-05-04,129.9,3
S0130,2022-08-02,129.9,3
S0130,2022-10-31,129.9,3
S0131,2024-02-28,129.9,3
S0131,2024-05-28,129.9,3
S0131,2024-08-26,129.9,3
S0131,2024-11-24,129.9,3
S0132,2022-02-14,49.9,2
S0132,2022-03-16,49.9,2
S0132,2022-04-15,49.9,2
S0132,2022-05-15,49.9,2
S0132,2022-06-14,49.9,2
S0132,2022-07-14,49.9,2
S0132,2022-08-13,49.9,2
S0132,2022-09-12,49.9,2
S0132,2022-10-12,49.9,2
S0132,2022-11-11,49.9,2
S0132,2022-12-11,49.9,2
S0132,2023-01-10,49.9,2
S0132,2023-02-09,49.9,2
S0132,2023-03-11,49.9,2
S0133,2022-12-11,29.9,1
S0133,2023-01-10,29.9,1
S0133,2023-02-09,29.9,1
S0133,2023-03-11,29.9,1
S0133,2023-04-10,29.9,1
S0133,2023-05-10,29.9,1
S0133,2023-06-09,29.9,1
S0133,2023-07-09,29.9,1
S0133,2023-08-08,29.9,1
S0133,2023-09-07,29.9,1
S0133,2023-10-07,29.9,1
S0133,2023-11-06,29.9,1
S0133,2023-12-06,29.9,1
S0133,2024-01-05,29.9,1
S0133,2024-02-04,29.9,1
S0133,2024-03-05,29.9,1
S0133,2024-04-04,29.9,1
S0133,2024-05-04,29.9,1
S0134,2022-02-27,29.9,1
S0134,2022-03-29,29.9,1
S0134,2022-04-28,29.9,1
S0134,2022-05-28,29.9,1
S0134,2022-06-27,29.9,1
S0134,2022-07-27,29.9,1
S0134,2022-08-26,29.9,1
S0134,2022-09-25,29.9,1
S0134,2022-10-25,29.9,1
S0135,2024-01-05,49.9,2
S0135,2024-02-04,49.9,2
S0135,2024-03-05,49.9,2
S0135,2024-04-04,49.9,2
S0135,2024-05-04,49.9,2
S0135,2024-06-03,49.9,2
S0135,2024-07-03,49.9,2
S0135,2024-08-02,49.9,2
S0136,2024-01-11,29.9,1
S0136,2024-02-10,29.9,1
S0136,2024-03-11,29.9,1
S0136,2024-04-10,29.9,1
S0136,2024-05-10,29.9,1
S0136,2024-06-09,29.9,1
S0137,2023-02-09,29.9,1
S0137,2023-03-11,29.9,1
S0137,2023-04-10,29.9,1
S0137,2023-05-10,29.9,1
S0137,2023-06-09,29.9,1
S0137,2023-07-09,29.9,1
S0137,2023-08-08,29.9,1
S0137,2023-09-07,29.9,1
S0137,2023-10-07,29.9,1
S0137,2023-11-06,29.9,1
S0137,2023-12-06,29.9,1
S0137,2024-01-05,29.9,1
S0137,2024-02-04,29.9,1
S0137,2024-03-05,29.9,1
S0137,2024-04-04,29.9,1
S0137,2024-05-04,29.9,1
S0137,2024-06-03,29.9,1
S0137,2024-07-03,29.9,1
S0137,2024-08-02,29.9,1
S0137,2024-09-01,29.9,1
S0137,2024-10-01,29.9,1
S0137,2024-10-31,29.9,1
S0137,2024-11-30,29.9,1
S0137,2024-12-30,29.9,1
S0138,2024-02-02,129.9,3
S0138,2024-05-02,129.9,3
S0138,2024-07-31,129.9,3
S0138,2024-10-29,129.9,3
S0139,2023-11-12,399.9,4
S0139,2024-11-11,399.9,4
S0140,2022-04-04,29.9,1
S0140,2022-05-04,29.9,1
S0141,2022-02-01,129.9,3
S0141,2022-05-02,129.9,3
S0141,2022-07-31,129.9,3
S0141,2022-10-29,129.9,3
S0141,2023-01-27,129.9,3
S0141,2023-04-27,129.9,3
S0141,2023-07-26,129.9,3
S0141,2023-10-24,129.9,3
S0141,2024-01-22,129.9,3
S0141,2024-04-21,129.9,3
S0141,2024-07-20,129.9,3
S0141,2024-10-18,129.9,3
S0142,2024-07-24,29.9,1
S0142,2024-08-23,29.9,1
S0142,2024-09-22,29.9,1
S0142,2024-10-22,29.9,1
S0142,2024-11-21,29.9,1
S0142,2024-12-21,29.9,1
S0143,2022-08-10,49.9,2
S0143,2022-09-09,49.9,2
S0143,2022-10-09,49.9,2
S0143,2022-11-08,49.9,2
S0143,2022-12-08,49.9,2
S0143,2023-01-07,49.9,2
S0143,2023-02-06,49.9,2
S0143,2023-03-08,49.9,2
S0143,2023-04-07,49.9,2
S0143,2023-05-07,49.9,2
S0143,2023-06-06,49.9,2
S0143,2023-07-06,49.9,2
S0143,2023-08-05,49.9,2
S0143,2023-09-04,49.9,2
S0143,2023-10-04,49.9,2
S0143,2023-11-03,49.9,2
S0143,2023-12-03,49.9,2
S0143,2024-01-02,49.9,2
S0143,2024-02-01,49.9,2
S0143,2024-03-02,49.9,2
S0143,2024-04-01,49.9,2
S0143,2024-05-01,49.9,2
S0143,2024-05-31,49.9,2
S0143,2024-06-30,49.9,2
S0143,2024-07-30,49.9,2
S0143,2024-08-29,49.9,2
S0143,2024-09-28,49.9,2
S0143,2024-10-28,49.9,2
S0143,2024-11-27,49.9,2
S0143,2024-12-27,49.9,2
S0144,2022-08-05,29.9,1
S0144,2022-09-04,29.9,1
S0144,2022-10-04,29.9,1
S0144,2022-11-03,29.9,1
S0144,2022-12-03,29.9,1
S0144,2023-01-02,29.9,1
S0144,2023-02-01,29.9,1
S0144,2023-03-03,29.9,1
S0144,2023-04-02,29.9,1
S0144,2023-05-02,29.9,1
S0144,2023-06-01,29.9,1
S0144,2023-07-01,29.9,1
S0144,2023-07-31,29.9,1
S0144,2023-08-30,29.9,1
S0144,2023-09-29,29.9,1
S0144,2023-10-29,29.9,1
S0144,2023-11-28,29.9,1
S0144,2023-12-28,29.9,1
S0145,2023-03-16,49.9,2
S0145,2023-04-15,49.9,2
S0145,2023-05-15,49.9,2
S0145,2023-06-14,49.9,2
S0145,2023-07-14,49.9,2
S0145,2023-08-13,49.9,2
S0145,2023-09-12,49.9,2
S0145,2023-10-12,49.9,2
S0145,2023-11-11,49.9,2
S0145,2023-12-11,49.9,2
S0145,2024-01-10,49.9,2
S0145,2024-02-09,49.9,2
S0146,2024-02-22,29.9,1
S0146,2024-03-23,29.9,1
S0146,2024-04-22,29.9,1
S0146,2024-05-22,29.9,1
S0146,2024-06-21,29.9,1
S0146,2024-07-21,29.9,1
S0146,2024-08-20,29.9,1
S0146,2024-09-19,29.9,1
S0146,2024-10-19,29.9,1
S0146,2024-11-18,29.9,1
S0146,2024-12-18,29.9,1
S0147,2023-04-22,399.9,4
S0147,2024-04-21,399.9,4
S0148,2022-11-15,49.9,2
S0148,2022-12-15,49.9,2
S0148,2023-01-14,49.9,2
S0148,2023-02-13,49.9,2
S0148,2023-03-15,49.9,2
S0148,2023-04-14,49.9,2
S0148,2023-05-14,49.9,2
S0148,2023-06-13,49.9,2
S0148,2023-07-13,49.9,2
S0148,2023-08-12,49.9,2
S0148,2023-09-11,49.9,2
S0148,2023-10-11,49.9,2
S0148,2023-11-10,49.9,2
S0148,2023-12-10,49.9,2
S0148,2024-01-09,49.9,2
S0148,2024-02-08,49.9,2
S0148,2024-03-09,49.9,2
S0148,2024-04-08,49.9,2
S0148,2024-05-08,49.9,2
S0148,2024-06-07,49.9,2
S0149,2023-02-17,29.9,1
S0149,2023-03-19,29.9,1
S0149,2023-04-18,29.9,1
S0149,2023-05-18,29.9,1
S0149,2023-06-17,29.9,1
S0149,2023-07-17,29.9,1
S0150,2022-11-30,49.9,2
S0150,2022-12-30,49.9,2
S0150,2023-01-29,49.9,2
S0150,2023-02-28,49.9,2
S0150,2023-03-30,49.9,2
S0150,2023-04-29,49.9,2
S0150,2023-05-29,49.9,2
S0150,2023-06-28,49.9,2
S0150,2023-07-28,49.9,2
S0150,2023-08-27,49.9,2
S0150,2023-09-26,49.9,2
S0150,2023-10-26,49.9,2
S0150,2023-11-25,49.9,2
S0151,2022-09-08,399.9,4
S0151,2023-09-08,399.9,4
S0151,2024-09-07,399.9,4
S0152,2024-01-26,129.9,3
S0152,2024-04-25,129.9,3
S0152,2024-07-24,129.9,3
S0152,2024-10-22,129.9,3
S0153,2022-12-22,129.9,3
S0153,2023-03-22,129.9,3
S0153,2023-06-20,129.9,3
S0153,2023-09-18,129.9,3
S0153,2023-12-17,129.9,3
S0153,2024-03-16,129.9,3
S0153,2024-06-14,129.9,3
S0153,2024-09-12,129.9,3
S0153,2024-12-11,129.9,3
S0154,2023-12-17,129.9,3
S0154,2024-03-16,129.9,3
S0154,2024-06-14,129.9,3
S0154,2024-09-12,129.9,3
S0154,2024-12-11,129.9,3
S0155,2024-06-05,399.9,4
S0156,2023-03-18,49.9,2
S0156,2023-04-17,49.9,2
S0156,2023-05-17,49.9,2
S0156,2023-06-16,49.9,2
S0156,2023-07-16,49.9,2
S0156,2023-08-15,49.9,2
S0156,2023-09-14,49.9,2
S0156,2023-10-14,49.9,2
S0156,2023-11-13,49.9,2
S0157,2024-09-30,29.9,1
S0157,2024-10-30,29.9,1
S0157,2024-11-29,29.9,1
S0157,2024-12-29,29.9,1
S0158,2022-05-13,49.9,2
S0158,2022-06-12,49.9,2
S0158,2022-07-12,49.9,2
S0158,2022-08-11,49.9,2
S0158,2022-09-10,49.9,2
S0158,2022-10-10,49.9,2
S0158,2022-11-09,49.9,2
S0158,2022-12-09,49.9,2
S0158,2023-01-08,49.9,2
S0158,2023-02-07,49.9,2
S0158,2023-03-09,49.9,2
S0158,2023-04-08,49.9,2
S0158,2023-05-08,49.9,2
S0158,2023-06-07,49.9,2
S0158,2023-07-07,49.9,2
S0158,2023-08-06,49.9,2
S0158,2023-09-05,49.9,2
S0158,2023-10-05,49.9,2
S0158,2023-11-04,49.9,2
S0158,2023-12-04,49.9,2
S0158,2024-01-03,49.9,2
S0158,2024-02-02,49.9,2
S0158,2024-03-03,49.9,2
S0158,2024-04-02,49.9,2
S0158,2024-05-02,49.9,2
S0158,2024-06-01,49.9,2
S0158,2024-07-01,49.9,2
S0158,2024-07-31,49.9,2
S0158,2024-08-30,49.9,2
S0159,2023-07-23,399.9,4
S0159,2024-07-22,399.9,4
S0160,2024-09-14,49.9,2
S0160,2024-10-14,49.9,2
S0160,2024-11-13,49.9,2
S0160,2024-12-13,49.9,2
S0161,2023-02-11,129.9,3
S0161,2023-05-12,129.9,3
S0161,2023-08-10,129.9,3
S0161,2023-11-08,129.9,3
S0161,2024-02-06,129.9,3
S0161,2024-05-06,129.9,3
S0161,2024-08-04,129.9,3
S0161,2024-11-02,129.9,3
S0162,2024-09-19,49.9,2
S0162,2024-10-19,49.9,2
S0162,2024-11-18,49.9,2
S0162,2024-12-18,49.9,2
S0163,2022-08-14,129.9,3
S0163,2022-11-12,129.9,3
S0163,2023-02-10,129.9,3
S0163,2023-05-11,129.9,3
S0163,2023-08-09,129.9,3
S0163,2023-11-07,129.9,3
S0163,2024-02-05,129.9,3
S0163,2024-05-05,129.9,3
S0163,2024-08-03,129.9,3
S0163,2024-11-01,129.9,3
S0164,2022-02-16,129.9,3
S0164,2022-05-17,129.9,3
S0164,2022-08-15,129.9,3
S0164,2022-11-13,129.9,3
S0164,2023-02-11,129.9,3
S0164,2023-05-12,129.9,3
S0164,2023-08-10,129.9,3
S0164,2023-11-08,129.9,3
S0164,2024-02-06,129.9,3
S0164,2024-05-06,129.9,3
S0164,2024-08-04,129.9,3
S0164,2024-11-02,129.9,3
S0165,2023-03-17,129.9,3
S0165,2023-06-15,129.9,3
S0165,2023-09-13,129.9,3
S0165,2023-12-12,129.9,3
S0165,2024-03-11,129.9,3
S0165,2024-06-09,129.9,3
S0166,2022-04-25,399.9,4
S0166,2023-04-25,399.9,4
S0166,2024-04-24,399.9,4
S0167,2023-09-16,129.9,3
S0167,2023-12-15,129.9,3
S0167,2024-03-14,129.9,3
S0167,2024-06-12,129.9,3
S0167,2024-09-10,129.9,3
S0167,2024-12-09,129.9,3
S0168,2023-03-29,29.9,1
S0168,2023-04-28,29.9,1
S0168,2023-05-28,29.9,1
S0168,2023-06-27,29.9,1
S0168,2023-07-27,29.9,1
S0168,2023-08-26,29.9,1
S0168,2023-09-25,29.9,1
S0168,2023-10-25,29.9,1
S0168,2023-11-24,29.9,1
S0168,2023-12-24,29.9,1
S0168,2024-01-23,29.9,1
S0168,2024-02-22,29.9,1
S0168,2024-03-23,29.9,1
S0168,2024-04-22,29.9,1
S0168,2024-05-22,29.9,1
S0168,2024-06-21,29.9,1
S0168,2024-07-21,29.9,1
S0168,2024-08-20,29.9,1
S0169,2024-07-09,49.9,2
S0169,2024-08-08,49.9,2
S0169,2024-09-07,49.9,2
S0169,2024-10-07,49.9,2
S0169,2024-11-06,49.9,2
S0169,2024-12-06,49.9,2
S0170,2022-07-11,129.9,3
S0170,2022-10-09,129.9,3
S0170,2023-01-07,129.9,3
S0170,2023-04-07,129.9,3
S0170,2023-07-06,129.9,3
S0170,2023-10-04,129.9,3
S0170,2024-01-02,129.9,3
S0170,2024-04-01,129.9,3
S0170,2024-06-30,129.9,3
S0170,2024-09-28,129.9,3
S0170,2024-12-27,129.9,3
S0171,2022-12-19,49.9,2
S0171,2023-01-18,49.9,2
S0171,2023-02-17,49.9,2
S0172,2022-09-13,129.9,3
S0173,2023-10-01,399.9,4
S0173,2024-09-30,399.9,4
S0174,2024-04-29,49.9,2
S0174,2024-05-29,49.9,2
S0174,2024-06-28,49.9,2
S0174,2024-07-28,49.9,2
S0174,2024-08-27,49.9,2
S0174,2024-09-26,49.9,2
S0174,2024-10-26,49.9,2
S0174,2024-11-25,49.9,2
S0174,2024-12-25,49.9,2
S0175,2024-08-04,129.9,3
S0175,2024-11-02,129.9,3
S0176,2024-01-17,29.9,1
S0176,2024-02-16,29.9,1
S0176,2024-03-17,29.9,1
S0176,2024-04-16,29.9,1
S0176,2024-05-16,29.9,1
S0176,2024-06-15,29.9,1
S0176,2024-07-15,29.9,1
S0176,2024-08-14,29.9,1
S0176,2024-09-13,29.9,1
S0176,2024-10-13,29.9,1
S0176,2024-11-12,29.9,1
S0176,2024-12-12,29.9,1
S0177,2022-08-27,29.9,1
S0177,2022-09-26,29.9,1
S0177,2022-10-26,29.9,1
S0177,2022-11-25,29.9,1
S0177,2022-12-25,29.9,1
S0177,2023-01-24,29.9,1
S0177,2023-02-23,29.9,1
S0177,2023-03-25,29.9,1
S0177,2023-04-24,29.9,1
S0177,2023-05-24,29.9,1
S0177,2023-06-23,29.9,1
S0177,2023-07-23,29.9,1
S0178,2022-04-03,29.9,1
S0178,2022-05-03,29.9,1
S0178,2022-06-02,29.9,1
S0178,2022-07-02,29.9,1
S0178,2022-08-01,29.9,1
S0178,2022-08-31,29.9,1
S0178,2022-09-30,29.9,1
S0178,2022-10-30,29.9,1
S0178,2022-11-29,29.9,1
S0178,2022-12-29,29.9,1
S0178,2023-01-28,29.9,1
S0178,2023-02-27,29.9,1
S0178,2023-03-29,29.9,1
S0179,2022-11-22,29.9,1
S0179,2022-12-22,29.9,1
S0179,2023-01-21,29.9,1
S0179,2023-02-20,29.9,1
S0179,2023-03-22,29.9,1
S0179,2023-04-21,29.9,1
S0179,2023-05-21,29.9,1
S0180,2024-03-18,129.9,3
S0180,2024-06-16,129.9,3
S0180,2024-09-14,129.9,3
S0181,2023-10-15,399.9,4
S0181,2024-10-14,399.9,4
S0182,2023-08-03,399.9,4
S0182,2024-08-02,399.9,4
S0183,2022-06-01,29.9,1
S0183,2022-07-01,29.9,1
S0183,2022-07-31,29.9,1
S0183,2022-08-30,29.9,1
S0183,2022-09-29,29.9,1
S0183,2022-10-29,29.9,1
S0183,2022-11-28,29.9,1
S0183,2022-12-28,29.9,1
S0183,2023-01-27,29.9,1
S0183,2023-02-26,29.9,1
S0184,2024-03-31,49.9,2
S0184,2024-04-30,49.9,2
S0184,2024-05-30,49.9,2
S0184,2024-06-29,49.9,2
S0184,2024-07-29,49.9,2
S0184,2024-08-28,49.9,2
S0184,2024-09-27,49.9,2
S0184,2024-10-27,49.9,2
S0184,2024-11-26,49.9,2
S0184,2024-12-26,49.9,2
S0185,2022-06-20,29.9,1
S0185,2022-07-20,29.9,1
S0185,2022-08-19,29.9,1
S0185,2022-09-18,29.9,1
S0185,2022-10-18,29.9,1
S0185,2022-11-17,29.9,1
S0185,2022-12-17,29.9,1
S0185,2023-01-16,29.9,1
S0185,2023-02-15,29.9,1
S0185,2023-03-17,29.9,1
S0185,2023-04-16,29.9,1
S0185,2023-05-16,29.9,1
S0185,2023-06-15,29.9,1
S0185,2023-07-15,29.9,1
S0186,2023-02-02,129.9,3
S0186,2023-05-03,129.9,3
S0186,2023-08-01,129.9,3
S0186,2023-10-30,129.9,3
S0186,2024-01-28,129.9,3
S0186,2024-04-27,129.9,3
S0186,2024-07-26,129.9,3
S0186,2024-10-24,129.9,3
S0187,2023-10-29,399.9,4
S0187,2024-10-28,399.9,4
S0188,2022-02-26,29.9,1
S0188,2022-03-28,29.9,1
S0188,2022-04-27,29.9,1
S0188,2022-05-27,29.9,1
S0188,2022-06-26,29.9,1
S0188,2022-07-26,29.9,1
S0188,2022-08-25,29.9,1
S0188,2022-09-24,29.9,1
S0189,2022-07-24,29.9,1
S0189,2022-08-23,29.9,1
S0190,2023-12-26,29.9,1
S0190,2024-01-25,29.9,1
S0190,2024-02-24,29.9,1
S0191,2022-10-29,399.9,4
S0191,2023-10-29,399.9,4
S0191,2024-10-28,399.9,4
S0192,2024-08-30,399.9,4
S0193,2022-10-13,29.9,1
S0193,2022-11-12,29.9,1
S0193,2022-12-12,29.9,1
S0193,2023-01-11,29.9,1
S0193,2023-02-10,29.9,1
S0193,2023-03-12,29.9,1
S0193,2023-04-11,29.9,1
S0193,2023-05-11,29.9,1
S0193,2023-06-10,29.9,1
S0193,2023-07-10,29.9,1
S0193,2023-08-09,29.9,1
S0193,2023-09-08,29.9,1
S0193,2023-10-08,29.9,1
S0193,2023-11-07,29.9,1
S0193,2023-12-07,29.9,1
S0193,2024-01-06,29.9,1
S0193,2024-02-05,29.9,1
S0193,2024-03-06,29.9,1
S0193,2024-04-05,29.9,1
S0193,2024-05-05,29.9,1
S0193,2024-06-04,29.9,1
S0193,2024-07-04,29.9,1
S0193,2024-08-03,29.9,1
S0193,2024-09-02,29.9,1
S0193,2024-10-02,29.9,1
S0194,2023-02-11,129.9,3
S0194,2023-05-12,129.9,3
S0194,2023-08-10,129.9,3
S0194,2023-11-08,129.9,3
S0194,2024-02-06,129.9,3
S0195,2023-08-21,129.9,3
S0195,2023-11-19,129.9,3
S0195,2024-02-17,129.9,3
S0195,2024-05-17,129.9,3
S0195,2024-08-15,129.9,3
S0195,2024-11-13,129.9,3
S0196,2023-05-24,49.9,2
S0196,2023-06-23,49.9,2
S0196,2023-07-23,49.9,2
S0196,2023-08-22,49.9,2
S0196,2023-09-21,49.9,2
S0196,2023-10-21,49.9,2
S0196,2023-11-20,49.9,2
S0196,2023-12-20,49.9,2
S0196,2024-01-19,49.9,2
S0196,2024-02-18,49.9,2
S0196,2024-03-19,49.9,2
S0196,2024-04-18,49.9,2
S0196,2024-05-18,49.9,2
S0196,2024-06-17,49.9,2
S0196,2024-07-17,49.9,2
S0196,2024-08-16,49.9,2
S0196,2024-09-15,49.9,2
S0196,2024-10-15,49.9,2
S0196,2024-11-14,49.9,2
S0196,2024-12-14,49.9,2
S0197,2022-06-23,29.9,1
S0197,2022-07-23,29.9,1
S0197,2022-08-22,29.9,1
S0197,2022-09-21,29.9,1
S0197,2022-10-21,29.9,1
S0197,2022-11-20,29.9,1
S0197,2022-12-20,29.9,1
S0197,2023-01-19,29.9,1
S0197,2023-02-18,29.9,1
S0197,2023-03-20,29.9,1
S0197,2023-04-19,29.9,1
S0197,2023-05-19,29.9,1
S0197,2023-06-18,29.9,1
S0197,2023-07-18,29.9,1
S0197,2023-08-17,29.9,1
S0197,2023-09-16,29.9,1
S0197,2023-10-16,29.9,1
S0197,2023-11-15,29.9,1
S0197,2023-12-15,29.9,1
S0197,2024-01-14,29.9,1
S0197,2024-02-13,29.9,1
S0197,2024-03-14,29.9,1
S0197,2024-04-13,29.9,1
S0197,2024-05-13,29.9,1
S0197,2024-06-12,29.9,1
S0197,2024-07-12,29.9,1
S0198,2023-11-29,399.9,4
S0198,2024-11-28,399.9,4
S0199,2023-06-14,399.9,4
S0199,2024-06-13,399.9,4
S0200,2022-09-10,29.9,1
S0201,2022-10-14,49.9,2
S0201,2022-11-13,49.9,2
S0201,2022-12-13,49.9,2
S0201,2023-01-12,49.9,2
S0201,2023-02-11,49.9,2
S0201,2023-03-13,49.9,2
S0201,2023-04-12,49.9,2
S0201,2023-05-12,49.9,2
S0201,2023-06-11,49.9,2
S0201,2023-07-11,49.9,2
S0201,2023-08-10,49.9,2
S0201,2023-09-09,49.9,2
S0201,2023-10-09,49.9,2
S0201,2023-11-08,49.9,2
S0201,2023-12-08,49.9,2
S0201,2024-01-07,49.9,2
S0201,2024-02-06,49.9,2
S0201,2024-03-07,49.9,2
S0201,2024-04-06,49.9,2
S0201,2024-05-06,49.9,2
S0201,2024-06-05,49.9,2
S0201,2024-07-05,49.9,2
S0201,2024-08-04,49.9,2
S0201,2024-09-03,49.9,2
S0201,2024-10-03,49.9,2
S0201,2024-11-02,49.9,2
S0201,2024-12-02,49.9,2
S0202,2024-08-10,29.9,1
S0202,2024-09-09,29.9,1
S0202,2024-10-09,29.9,1
S0202,2024-11-08,29.9,1
S0202,2024-12-08,29.9,1
S0203,2023-12-02,399.9,4
S0203,2024-12-01,399.9,4
S0204,2022-09-13,29.9,1
S0204,2022-10-13,29.9,1
S0204,2022-11-12,29.9,1
S0204,2022-12-12,29.9,1
S0204,2023-01-11,29.9,1
S0204,2023-02-10,29.9,1
S0204,2023-03-12,29.9,1
S0204,2023-04-11,29.9,1
S0204,2023-05-11,29.9,1
S0205,2024-06-28,399.9,4
S0206,2023-03-29,49.9,2
S0206,2023-04-28,49.9,2
S0206,2023-05-28,49.9,2
S0206,2023-06-27,49.9,2
S0206,2023-07-27,49.9,2
S0206,2023-08-26,49.9,2
S0206,2023-09-25,49.9,2
S0206,2023-10-25,49.9,2
S0206,2023-11-24,49.9,2
S0206,2023-12-24,49.9,2
S0206,2024-01-23,49.9,2
S0206,2024-02-22,49.9,2
S0207,2022-09-23,49.9,2
S0207,2022-10-23,49.9,2
S0207,2022-11-22,49.9,2
S0207,2022-12-22,49.9,2
S0207,2023-01-21,49.9,2
S0207,2023-02-20,49.9,2
S0207,2023-03-22,49.9,2
S0207,2023-04-21,49.9,2
S0207,2023-05-21,49.9,2
S0207,2023-06-20,49.9,2
S0207,2023-07-20,49.9,2
S0207,2023-08-19,49.9,2
S0207,2023-09-18,49.9,2
S0207,2023-10-18,49.9,2
S0207,2023-11-17,49.9,2
S0207,2023-12-17,49.9,2
S0207,2024-01-16,49.9,2
S0207,2024-02-15,49.9,2
S0207,2024-03-16,49.9,2
S0207,2024-04-15,49.9,2
S0207,2024-05-15,49.9,2
S0207,2024-06-14,49.9,2
S0207,2024-07-14,49.9,2
S0207,2024-08-13,49.9,2
S0207,2024-09-12,49.9,2
S0207,2024-10-12,49.9,2
S0207,2024-11-11,49.9,2
S0207,2024-12-11,49.9,2
S0208,2023-04-03,29.9,1
S0208,2023-05-03,29.9,1
S0208,2023-06-02,29.9,1
S0208,2023-07-02,29.9,1
S0208,2023-08-01,29.9,1
S0208,2023-08-31,29.9,1
S0208,2023-09-30,29.9,1
S0208,2023-10-30,29.9,1
S0208,2023-11-29,29.9,1
S0208,2023-12-29,29.9,1
S0208,2024-01-28,29.9,1
S0208,2024-02-27,29.9,1
S0208,2024-03-28,29.9,1
S0208,2024-04-27,29.9,1
S0209,2022-11-20,129.9,3
S0209,2023-02-18,129.9,3
S0209,2023-05-19,129.9,3
S0209,2023-08-17,129.9,3
S0209,2023-11-15,129.9,3
S0209,2024-02-13,129.9,3
S0209,2024-05-13,129.9,3
S0209,2024-08-11,129.9,3
S0209,2024-11-09,129.9,3
S0210,2022-10-21,49.9,2
S0210,2022-11-20,49.9,2
S0210,2022-12-20,49.9,2
S0210,2023-01-19,49.9,2
S0210,2023-02-18,49.9,2
S0210,2023-03-20,49.9,2
S0210,2023-04-19,49.9,2
S0210,2023-05-19,49.9,2
S0210,2023-06-18,49.9,2
S0210,2023-07-18,49.9,2
S0210,2023-08-17,49.9,2
S0210,2023-09-16,49.9,2
S0210,2023-10-16,49.9,2
S0210,2023-11-15,49.9,2
S0210,2023-12-15,49.9,2
S0210,2024-01-14,49.9,2
S0210,2024-02-13,49.9,2
S0210,2024-03-14,49.9,2
S0210,2024-04-13,49.9,2
S0210,2024-05-13,49.9,2
S0210,2024-06-12,49.9,2
S0210,2024-07-12,49.9,2
S0211,2023-08-01,29.9,1
S0211,2023-08-31,29.9,1
S0211,2023-09-30,29.9,1
S0211,2023-10-30,29.9,1
S0211,2023-11-29,29.9,1
S0212,2024-01-10,29.9,1
S0212,2024-02-09,29.9,1
S0212,2024-03-10,29.9,1
S0212,2024-04-09,29.9,1
S0212,2024-05-09,29.9,1
S0212,2024-06-08,29.9,1
S0212,2024-07-08,29.9,1
S0213,2023-07-03,29.9,1
S0213,2023-08-02,29.9,1
S0213,2023-09-01,29.9,1
S0213,2023-10-01,29.9,1
S0213,2023-10-31,29.9,1
S0213,2023-11-30,29.9,1
S0214,2024-04-29,29.9,1
S0214,2024-05-29,29.9,1
S0214,2024-06-28,29.9,1
S0214,2024-07-28,29.9,1
S0214,2024-08-27,29.9,1
S0214,2024-09-26,29.9,1
S0214,2024-10-26,29.9,1
S0214,2024-11-25,29.9,1
S0214,2024-12-25,29.9,1
S0215,2023-03-17,129.9,3
S0215,2023-06-15,129.9,3
S0215,2023-09-13,129.9,3
S0215,2023-12-12,129.9,3
S0215,2024-03-11,129.9,3
S0215,2024-06-09,129.9,3
S0215,2024-09-07,129.9,3
S0215,2024-12-06,129.9,3
S0216,2022-06-25,399.9,4
S0216,2023-06-25,399.9,4
S0216,2024-06-24,399.9,4
S0217,2022-01-01,29.9,1
S0217,2022-01-31,29.9,1
S0217,2022-03-02,29.9,1
S0217,2022-04-01,29.9,1
S0217,2022-05-01,29.9,1
S0217,2022-05-31,29.9,1
S0217,2022-06-30,29.9,1
S0218,2023-02-24,49.9,2
S0218,2023-03-26,49.9,2
S0218,2023-04-25,49.9,2
S0218,2023-05-25,49.9,2
S0218,2023-06-24,49.9,2
S0218,2023-07-24,49.9,2
S0218,2023-08-23,49.9,2
S0218,2023-09-22,49.9,2
S0218,2023-10-22,49.9,2
S0218,2023-11-21,49.9,2
S0218,2023-12-21,49.9,2
S0218,2024-01-20,49.9,2
S0218,2024-02-19,49.9,2
S0218,2024-03-20,49.9,2
S0218,2024-04-19,49.9,2
S0218,2024-05-19,49.9,2
S0218,2024-06-18,49.9,2
S0218,2024-07-18,49.9,2
S0218,2024-08-17,49.9,2
S0218,2024-09-16,49.9,2
S0218,2024-10-16,49.9,2
S0218,2024-11-15,49.9,2
S0218,2024-12-15,49.9,2
S0219,2023-10-19,29.9,1
S0219,2023-11-18,29.9,1
S0219,2023-12-18,29.9,1
S0219,2024-01-17,29.9,1
S0219,2024-02-16,29.9,1
S0219,2024-03-17,29.9,1
S0219,2024-04-16,29.9,1
S0219,2024-05-16,29.9,1
S0219,2024-06-15,29.9,1
S0219,2024-07-15,29.9,1
S0219,2024-08-14,29.9,1
S0219,2024-09-13,29.9,1
S0219,2024-10-13,29.9,1
S0219,2024-11-12,29.9,1
S0219,2024-12-12,29.9,1
S0220,2022-08-10,399.9,4
S0220,2023-08-10,399.9,4
S0220,2024-08-09,399.9,4
S0221,2022-03-24,399.9,4
S0221,2023-03-24,399.9,4
S0221,2024-03-23,399.9,4
S0222,2022-07-02,399.9,4
S0222,2023-07-02,399.9,4
S0222,2024-07-01,399.9,4
S0223,2022-04-16,49.9,2
S0223,2022-05-16,49.9,2
S0223,2022-06-15,49.9,2
S0223,2022-07-15,49.9,2
S0223,2022-08-14,49.9,2
S0223,2022-09-13,49.9,2
S0223,2022-10-13,49.9,2
S0223,2022-11-12,49.9,2
S0223,2022-12-12,49.9,2
S0223,2023-01-11,49.9,2
S0223,2023-02-10,49.9,2
S0223,2023-03-12,49.9,2
S0223,2023-04-11,49.9,2
S0223,2023-05-11,49.9,2
S0223,2023-06-10,49.9,2
S0223,2023-07-10,49.9,2
S0223,2023-08-09,49.9,2
S0223,2023-09-08,49.9,2
S0223,2023-10-08,49.9,2
S0223,2023-11-07,49.9,2
S0223,2023-12-07,49.9,2
S0223,2024-01-06,49.9,2
S0223,2024-02-05,49.9,2
S0223,2024-03-06,49.9,2
S0223,2024-04-05,49.9,2
S0223,2024-05-05,49.9,2
S0223,2024-06-04,49.9,2
S0223,2024-07-04,49.9,2
S0223,2024-08-03,49.9,2
S0223,2024-09-02,49.9,2
S0223,2024-10-02,49.9,2
S0223,2024-11-01,49.9,2
S0223,2024-12-01,49.9,2
S0224,2022-10-17,399.9,4
S0224,2023-10-17,399.9,4
S0224,2024-10-16,399.9,4
S0225,2023-02-13,129.9,3
S0225,2023-05-14,129.9,3
S0225,2023-08-12,129.9,3
S0225,2023-11-10,129.9,3
S0225,2024-02-08,129.9,3
S0225,2024-05-08,129.9,3
S0225,2024-08-06,129.9,3
S0225,2024-11-04,129.9,3
S0226,2022-09-18,49.9,2
S0226,2022-10-18,49.9,2
S0226,2022-11-17,49.9,2
S0226,2022-12-17,49.9,2
S0226,2023-01-16,49.9,2
S0226,2023-02-15,49.9,2
S0226,2023-03-17,49.9,2
S0226,2023-04-16,49.9,2
S0226,2023-05-16,49.9,2
S0226,2023-06-15,49.9,2
S0226,2023-07-15,49.9,2
S0226,2023-08-14,49.9,2
S0226,2023-09-13,49.9,2
S0226,2023-10-13,49.9,2
S0226,2023-11-12,49.9,2
S0227,2022-01-31,129.9,3
S0227,2022-05-01,129.9,3
S0227,2022-07-30,129.9,3
S0227,2022-10-28,129.9,3
S0227,2023-01-26,129.9,3
S0227,2023-04-26,129.9,3
S0227,2023-07-25,129.9,3
S0227,2023-10-23,129.9,3
S0227,2024-01-21,129.9,3
S0227,2024-04-20,129.9,3
S0227,2024-07-19,129.9,3
S0227,2024-10-17,129.9,3
S0228,2022-10-08,49.9,2
S0228,2022-11-07,49.9,2
S0228,2022-12-07,49.9,2
S0228,2023-01-06,49.9,2
S0228,2023-02-05,49.9,2
S0228,2023-03-07,49.9,2
S0228,2023-04-06,49.9,2
S0228,2023-05-06,49.9,2
S0228,2023-06-05,49.9,2
S0228,2023-07-05,49.9,2
S0228,2023-08-04,49.9,2
S0228,2023-09-03,49.9,2
S0228,2023-10-03,49.9,2
S0228,2023-11-02,49.9,2
S0228,2023-12-02,49.9,2
S0228,2024-01-01,49.9,2
S0228,2024-01-31,49.9,2
S0228,2024-03-01,49.9,2
S0228,2024-03-31,49.9,2
S0229,2023-10-12,29.9,1
S0229,2023-11-11,29.9,1
S0229,2023-12-11,29.9,1
S0229,2024-01-10,29.9,1
S0229,2024-02-09,29.9,1
S0229,2024-03-10,29.9,1
S0229,2024-04-09,29.9,1
S0229,2024-05-09,29.9,1
S0229,2024-06-08,29.9,1
S0229,2024-07-08,29.9,1
S0229,2024-08-07,29.9,1
S0229,2024-09-06,29.9,1
S0229,2024-10-06,29.9,1
S0230,2022-02-13,29.9,1
S0230,2022-03-15,29.9,1
S0230,2022-04-14,29.9,1
S0230,2022-05-14,29.9,1
S0230,2022-06-13,29.9,1
S0230,2022-07-13,29.9,1
S0230,2022-08-12,29.9,1
S0230,2022-09-11,29.9,1
S0230,2022-10-11,29.9,1
S0230,2022-11-10,29.9,1
S0230,2022-12-10,29.9,1
S0230,2023-01-09,29.9,1
S0230,2023-02-08,29.9,1
S0230,2023-03-10,29.9,1
S0230,2023-04-09,29.9,1
S0231,2022-12-09,49.9,2
S0231,2023-01-08,49.9,2
S0231,2023-02-07,49.9,2
S0231,2023-03-09,49.9,2
S0231,2023-04-08,49.9,2
S0231,2023-05-08,49.9,2
S0231,2023-06-07,49.9,2
S0231,2023-07-07,49.9,2
S0231,2023-08-06,49.9,2
S0231,2023-09-05,49.9,2
S0231,2023-10-05,49.9,2
S0232,2023-03-11,49.9,2
S0232,2023-04-10,49.9,2
S0232,2023-05-10,49.9,2
S0232,2023-06-09,49.9,2
S0232,2023-07-09,49.9,2
S0232,2023-08-08,49.9,2
S0232,2023-09-07,49.9,2
S0232,2023-10-07,49.9,2
S0232,2023-11-06,49.9,2
S0232,2023-12-06,49.9,2
S0232,2024-01-05,49.9,2
S0233,2024-08-12,29.9,1
S0233,2024-09-11,29.9,1
S0233,2024-10-11,29.9,1
S0233,2024-11-10,29.9,1
S0233,2024-12-10,29.9,1
S0234,2023-10-27,29.9,1
S0234,2023-11-26,29.9,1
S0234,2023-12-26,29.9,1
S0234,2024-01-25,29.9,1
S0234,2024-02-24,29.9,1
S0234,2024-03-25,29.9,1
S0235,2024-02-18,399.9,4
S0236,2022-10-31,29.9,1
S0236,2022-11-30,29.9,1
S0236,2022-12-30,29.9,1
S0236,2023-01-29,29.9,1
S0236,2023-02-28,29.9,1
S0236,2023-03-30,29.9,1
S0236,2023-04-29,29.9,1
S0236,2023-05-29,29.9,1
S0236,2023-06-28,29.9,1
S0236,2023-07-28,29.9,1
S0236,2023-08-27,29.9,1
S0236,2023-09-26,29.9,1
S0236,2023-10-26,29.9,1
S0236,2023-11-25,29.9,1
S0236,2023-12-25,29.9,1
S0236,2024-01-24,29.9,1
S0236,2024-02-23,29.9,1
S0236,2024-03-24,29.9,1
S0236,2024-04-23,29.9,1
S0236,2024-05-23,29.9,1
S0236,2024-06-22,29.9,1
S0237,2022-05-27,49.9,2
S0237,2022-06-26,49.9,2
S0237,2022-07-26,49.9,2
S0237,2022-08-25,49.9,2
S0237,2022-09-24,49.9,2
S0237,2022-10-24,49.9,2
S0237,2022-11-23,49.9,2
S0237,2022-12-23,49.9,2
S0237,2023-01-22,49.9,2
S0237,2023-02-21,49.9,2
S0237,2023-03-23,49.9,2
S0237,2023-04-22,49.9,2
S0237,2023-05-22,49.9,2
S0237,2023-06-21,49.9,2
S0237,2023-07-21,49.9,2
S0237,2023-08-20,49.9,2
S0237,2023-09-19,49.9,2
S0237,2023-10-19,49.9,2
S0237,2023-11-18,49.9,2
S0237,2023-12-18,49.9,2
S0237,2024-01-17,49.9,2
S0237,2024-02-16,49.9,2
S0237,2024-03-17,49.9,2
S0237,2024-04-16,49.9,2
S0237,2024-05-16,49.9,2
S0237,2024-06-15,49.9,2
S0237,2024-07-15,49.9,2
S0238,2023-01-05,129.9,3
S0238,2023-04-05,129.9,3
S0239,2022-10-13,49.9,2
S0240,2024-07-12,29.9,1
S0240,2024-08-11,29.9,1
S0240,2024-09-10,29.9,1
S0240,2024-10-10,29.9,1
S0240,2024-11-09,29.9,1
S0240,2024-12-09,29.9,1
S0241,2022-04-27,49.9,2
S0241,2022-05-27,49.9,2
S0241,2022-06-26,49.9,2
S0241,2022-07-26,49.9,2
S0241,2022-08-25,49.9,2
S0241,2022-09-24,49.9,2
S0241,2022-10-24,49.9,2
S0241,2022-11-23,49.9,2
S0241,2022-12-23,49.9,2
S0241,2023-01-22,49.9,2
S0241,2023-02-21,49.9,2
S0241,2023-03-23,49.9,2
S0241,2023-04-22,49.9,2
S0241,2023-05-22,49.9,2
S0241,2023-06-21,49.9,2
S0241,2023-07-21,49.9,2
S0242,2022-08-15,129.9,3
S0242,2022-11-13,129.9,3
S0242,2023-02-11,129.9,3
S0242,2023-05-12,129.9,3
S0242,2023-08-10,129.9,3
S0242,2023-11-08,129.9,3
S0242,2024-02-06,129.9,3
S0242,2024-05-06,129.9,3
S0242,2024-08-04,129.9,3
S0242,2024-11-02,129.9,3
S0243,2023-01-05,49.9,2
S0243,2023-02-04,49.9,2
S0243,2023-03-06,49.9,2
S0243,2023-04-05,49.9,2
S0243,2023-05-05,49.9,2
S0243,2023-06-04,49.9,2
S0243,2023-07-04,49.9,2
S0243,2023-08-03,49.9,2
S0243,2023-09-02,49.9,2
S0243,2023-10-02,49.9,2
S0243,2023-11-01,49.9,2
S0243,2023-12-01,49.9,2
S0243,2023-12-31,49.9,2
S0243,2024-01-30,49.9,2
S0243,2024-02-29,49.9,2
S0243,2024-03-30,49.9,2
S0243,2024-04-29,49.9,2
S0243,2024-05-29,49.9,2
S0243,2024-06-28,49.9,2
S0243,2024-07-28,49.9,2
S0243,2024-08-27,49.9,2
S0243,2024-09-26,49.9,2
S0243,2024-10-26,49.9,2
S0243,2024-11-25,49.9,2
S0243,2024-12-25,49.9,2
S0244,2024-02-16,399.9,4
S0245,2022-01-15,129.9,3
S0245,2022-04-15,129.9,3
S0245,2022-07-14,129.9,3
S0245,2022-10-12,129.9,3
S0245,2023-01-10,129.9,3
S0245,2023-04-10,129.9,3
S0245,2023-07-09,129.9,3
S0245,2023-10-07,129.9,3
S0245,2024-01-05,129.9,3
S0245,2024-04-04,129.9,3
S0246,2023-03-16,49.9,2
S0246,2023-04-15,49.9,2
S0246,2023-05-15,49.9,2
S0246,2023-06-14,49.9,2
S0246,2023-07-14,49.9,2
S0246,2023-08-13,49.9,2
S0246,2023-09-12,49.9,2
S0246,2023-10-12,49.9,2
S0246,2023-11-11,49.9,2
S0246,2023-12-11,49.9,2
S0246,2024-01-10,49.9,2
S0246,2024-02-09,49.9,2
S0246,2024-03-10,49.9,2
S0246,2024-04-09,49.9,2
S0246,2024-05-09,49.9,2
S0246,2024-06-08,49.9,2
S0246,2024-07-08,49.9,2
S0246,2024-08-07,49.9,2
S0246,2024-09-06,49.9,2
S0246,2024-10-06,49.9,2
S0247,2023-07-31,399.9,4
S0247,2024-07-30,399.9,4
S0248,2024-09-28,29.9,1
S0249,2024-01-25,129.9,3
S0249,2024-04-24,129.9,3
S0249,2024-07-23,129.9,3
S0249,2024-10-21,129.9,3
S0250,2023-01-23,29.9,1
S0250,2023-02-22,29.9,1
S0250,2023-03-24,29.9,1
S0250,2023-04-23,29.9,1
S0250,2023-05-23,29.9,1
S0250,2023-06-22,29.9,1
S0250,2023-07-22,29.9,1
S0250,2023-08-21,29.9,1
S0250,2023-09-20,29.9,1
S0250,2023-10-20,29.9,1
S0250,2023-11-19,29.9,1
S0250,2023-12-19,29.9,1
S0250,2024-01-18,29.9,1
S0250,2024-02-17,29.9,1
S0250,2024-03-18,29.9,1
S0250,2024-04-17,29.9,1
S0251,2024-03-02,399.9,4
S0252,2023-08-22,29.9,1
S0252,2023-09-21,29.9,1
S0252,2023-10-21,29.9,1
S0252,2023-11-20,29.9,1
S0252,2023-12-20,29.9,1
S0252,2024-01-19,29.9,1
S0252,2024-02-18,29.9,1
S0252,2024-03-19,29.9,1
S0252,2024-04-18,29.9,1
S0253,2024-02-03,129.9,3
S0253,2024-05-03,129.9,3
S0253,2024-08-01,129.9,3
S0253,2024-10-30,129.9,3
S0254,2023-09-12,399.9,4
S0254,2024-09-11,399.9,4
S0255,2022-03-23,399.9,4
S0255,2023-03-23,399.9,4
S0255,2024-03-22,399.9,4
S0256,2024-05-27,399.9,4
S0257,2023-02-23,129.9,3
S0257,2023-05-24,129.9,3
S0257,2023-08-22,129.9,3
S0258,2024-08-25,399.9,4
S0259,2022-11-07,29.9,1
S0259,2022-12-07,29.9,1
S0259,2023-01-06,29.9,1
S0259,2023-02-05,29.9,1
S0259,2023-03-07,29.9,1
S0259,2023-04-06,29.9,1
S0259,2023-05-06,29.9,1
S0259,2023-06-05,29.9,1
S0259,2023-07-05,29.9,1
S0259,2023-08-04,29.9,1
S0259,2023-09-03,29.9,1
S0259,2023-10-03,29.9,1
S0259,2023-11-02,29.9,1
S0259,2023-12-02,29.9,1
S0259,2024-01-01,29.9,1
S0259,2024-01-31,29.9,1
S0259,2024-03-01,29.9,1
S0259,2024-03-31,29.9,1
S0259,2024-04-30,29.9,1
S0259,2024-05-30,29.9,1
S0259,2024-06-29,29.9,1
S0259,2024-07-29,29.9,1
S0259,2024-08-28,29.9,1
S0259,2024-09-27,29.9,1
S0259,2024-10-27,29.9,1
S0259,2024-11-26,29.9,1
S0259,2024-12-26,29.9,1
S0260,2024-04-21,29.9,1
S0260,2024-05-21,29.9,1
S0260,2024-06-20,29.9,1
S0260,2024-07-20,29.9,1
S0260,2024-08-19,29.9,1
S0260,2024-09-18,29.9,1
S0260,2024-10-18,29.9,1
S0260,2024-11-17,29.9,1
S0260,2024-12-17,29.9,1
S0261,2024-10-01,399.9,4
S0262,2023-08-07,399.9,4
S0262,2024-08-06,399.9,4
S0263,2023-10-04,129.9,3
S0263,2024-01-02,129.9,3
S0263,2024-04-01,129.9,3
S0263,2024-06-30,129.9,3
S0263,2024-09-28,129.9,3
S0263,2024-12-27,129.9,3
S0264,2023-11-15,399.9,4
S0264,2024-11-14,399.9,4
S0265,2023-02-27,399.9,4
S0266,2024-04-11,129.9,3
S0266,2024-07-10,129.9,3
S0266,2024-10-08,129.9,3
S0267,2023-08-02,399.9,4
S0268,2023-01-22,129.9,3
S0268,2023-04-22,129.9,3
S0268,2023-07-21,129.9,3
S0268,2023-10-19,129.9,3
S0268,2024-01-17,129.9,3
S0268,2024-04-16,129.9,3
S0268,2024-07-15,129.9,3
S0268,2024-10-13,129.9,3
S0269,2023-03-01,29.9,1
S0269,2023-03-31,29.9,1
S0269,2023-04-30,29.9,1
S0269,2023-05-30,29.9,1
S0269,2023-06-29,29.9,1
S0269,2023-07-29,29.9,1
S0269,2023-08-28,29.9,1
S0269,2023-09-27,29.9,1
S0269,2023-10-27,29.9,1
S0269,2023-11-26,29.9,1
S0269,2023-12-26,29.9,1
S0269,2024-01-25,29.9,1
S0269,2024-02-24,29.9,1
S0269,2024-03-25,29.9,1
S0269,2024-04-24,29.9,1
S0269,2024-05-24,29.9,1
S0269,2024-06-23,29.9,1
S0269,2024-07-23,29.9,1
S0269,2024-08-22,29.9,1
S0269,2024-09-21,29.9,1
S0269,2024-10-21,29.9,1
S0269,2024-11-20,29.9,1
S0269,2024-12-20,29.9,1
S0270,2023-05-20,129.9,3
S0270,2023-08-18,129.9,3
S0270,2023-11-16,129.9,3
S0270,2024-02-14,129.9,3
S0270,2024-05-14,129.9,3
S0270,2024-08-12,129.9,3
S0270,2024-11-10,129.9,3
S0271,2023-08-18,49.9,2
S0271,2023-09-17,49.9,2
S0271,2023-10-17,49.9,2
S0272,2024-01-09,129.9,3
S0272,2024-04-08,129.9,3
S0272,2024-07-07,129.9,3
S0272,2024-10-05,129.9,3
S0273,2023-08-08,29.9,1
S0273,2023-09-07,29.9,1
S0273,2023-10-07,29.9,1
S0273,2023-11-06,29.9,1
S0273,2023-12-06,29.9,1
S0273,2024-01-05,29.9,1
S0273,2024-02-04,29.9,1
S0273,2024-03-05,29.9,1
S0273,2024-04-04,29.9,1
S0273,2024-05-04,29.9,1
S0273,2024-06-03,29.9,1
S0273,2024-07-03,29.9,1
S0273,2024-08-02,29.9,1
S0273,2024-09-01,29.9,1
S0273,2024-10-01,29.9,1
S0273,2024-10-31,29.9,1
S0273,2024-11-30,29.9,1
S0273,2024-12-30,29.9,1
S0274,2023-03-05,29.9,1
S0274,2023-04-04,29.9,1
S0274,2023-05-04,29.9,1
S0274,2023-06-03,29.9,1
S0274,2023-07-03,29.9,1
S0274,2023-08-02,29.9,1
S0274,2023-09-01,29.9,1
S0274,2023-10-01,29.9,1
S0274,2023-10-31,29.9,1
S0274,2023-11-30,29.9,1
S0274,2023-12-30,29.9,1
S0274,2024-01-29,29.9,1
S0274,2024-02-28,29.9,1
S0274,2024-03-29,29.9,1
S0274,2024-04-28,29.9,1
S0274,2024-05-28,29.9,1
S0275,2023-12-30,49.9,2
S0275,2024-01-29,49.9,2
S0275,2024-02-28,49.9,2
S0275,2024-03-29,49.9,2
S0275,2024-04-28,49.9,2
S0275,2024-05-28,49.9,2
S0275,2024-06-27,49.9,2
S0275,2024-07-27,49.9,2
S0275,2024-08-26,49.9,2
S0275,2024-09-25,49.9,2
S0275,2024-10-25,49.9,2
S0275,2024-11-24,49.9,2
S0275,2024-12-24,49.9,2
S0276,2023-12-04,399.9,4
S0276,2024-12-03,399.9,4
S0277,2022-07-07,49.9,2
S0277,2022-08-06,49.9,2
S0277,2022-09-05,49.9,2
S0277,2022-10-05,49.9,2
S0277,2022-11-04,49.9,2
S0277,2022-12-04,49.9,2
S0277,2023-01-03,49.9,2
S0277,2023-02-02,49.9,2
S0277,2023-03-04,49.9,2
S0277,2023-04-03,49.9,2
S0277,2023-05-03,49.9,2
S0277,2023-06-02,49.9,2
S0277,2023-07-02,49.9,2
S0277,2023-08-01,49.9,2
S0277,2023-08-31,49.9,2
S0277,2023-09-30,49.9,2
S0277,2023-10-30,49.9,2
S0277,2023-11-29,49.9,2
S0277,2023-12-29,49.9,2
S0278,2023-12-18,129.9,3
S0278,2024-03-17,129.9,3
S0278,2024-06-15,129.9,3
S0278,2024-09-13,129.9,3
S0278,2024-12-12,129.9,3
S0279,2023-03-03,399.9,4
S0279,2024-03-02,399.9,4
S0280,2022-07-27,29.9,1
S0280,2022-08-26,29.9,1
S0280,2022-09-25,29.9,1
S0280,2022-10-25,29.9,1
S0280,2022-11-24,29.9,1
S0280,2022-12-24,29.9,1
S0280,2023-01-23,29.9,1
S0280,2023-02-22,29.9,1
S0280,2023-03-24,29.9,1
S0280,2023-04-23,29.9,1
S0280,2023-05-23,29.9,1
S0280,2023-06-22,29.9,1
S0280,2023-07-22,29.9,1
S0281,2022-04-10,49.9,2
S0281,2022-05-10,49.9,2
S0281,2022-06-09,49.9,2
S0281,2022-07-09,49.9,2
S0281,2022-08-08,49.9,2
S0281,2022-09-07,49.9,2
S0281,2022-10-07,49.9,2
S0281,2022-11-06,49.9,2
S0281,2022-12-06,49.9,2
S0281,2023-01-05,49.9,2
S0281,2023-02-04,49.9,2
S0281,2023-03-06,49.9,2
S0281,2023-04-05,49.9,2
S0281,2023-05-05,49.9,2
S0281,2023-06-04,49.9,2
S0281,2023-07-04,49.9,2
S0281,2023-08-03,49.9,2
S0281,2023-09-02,49.9,2
S0281,2023-10-02,49.9,2
S0281,2023-11-01,49.9,2
S0281,2023-12-01,49.9,2
S0282,2023-02-09,29.9,1
S0282,2023-03-11,29.9,1
S0282,2023-04-10,29.9,1
S0282,2023-05-10,29.9,1
S0282,2023-06-09,29.9,1
S0282,2023-07-09,29.9,1
S0282,2023-08-08,29.9,1
S0282,2023-09-07,29.9,1
S0282,2023-10-07,29.9,1
S0282,2023-11-06,29.9,1
S0282,2023-12-06,29.9,1
S0282,2024-01-05,29.9,1
S0282,2024-02-04,29.9,1
S0282,2024-03-05,29.9,1
S0282,2024-04-04,29.9,1
S0282,2024-05-04,29.9,1
S0282,2024-06-03,29.9,1
S0282,2024-07-03,29.9,1
S0282,2024-08-02,29.9,1
S0282,2024-09-01,29.9,1
S0282,2024-10-01,29.9,1
S0282,2024-10-31,29.9,1
S0282,2024-11-30,29.9,1
S0282,2024-12-30,29.9,1
S0283,2022-12-26,29.9,1
S0283,2023-01-25,29.9,1
S0284,2022-10-04,129.9,3
S0284,2023-01-02,129.9,3
S0284,2023-04-02,129.9,3
S0284,2023-07-01,129.9,3
S0284,2023-09-29,129.9,3
S0284,2023-12-28,129.9,3
S0284,2024-03-27,129.9,3
S0284,2024-06-25,129.9,3
S0284,2024-09-23,129.9,3
S0284,2024-12-22,129.9,3
S0285,2023-02-09,129.9,3
S0285,2023-05-10,129.9,3
S0286,2023-10-12,399.9,4
S0286,2024-10-11,399.9,4
S0287,2024-05-22,129.9,3
S0287,2024-08-20,129.9,3
S0287,2024-11-18,129.9,3
S0288,2022-02-15,49.9,2
S0288,2022-03-17,49.9,2
S0288,2022-04-16,49.9,2
S0288,2022-05-16,49.9,2
S0288,2022-06-15,49.9,2
S0288,2022-07-15,49.9,2
S0288,2022-08-14,49.9,2
S0288,2022-09-13,49.9,2
S0288,2022-10-13,49.9,2
S0289,2023-09-27,49.9,2
S0289,2023-10-27,49.9,2
S0289,2023-11-26,49.9,2
S0289,2023-12-26,49.9,2
S0289,2024-01-25,49.9,2
S0289,2024-02-24,49.9,2
S0289,2024-03-25,49.9,2
S0289,2024-04-24,49.9,2
S0289,2024-05-24,49.9,2
S0290,2022-03-09,29.9,1
S0290,2022-04-08,29.9,1
S0290,2022-05-08,29.9,1
S0290,2022-06-07,29.9,1
S0290,2022-07-07,29.9,1
S0290,2022-08-06,29.9,1
S0290,2022-09-05,29.9,1
S0290,2022-10-05,29.9,1
S0290,2022-11-04,29.9,1
S0290,2022-12-04,29.9,1
S0291,2024-05-07,129.9,3
S0291,2024-08-05,129.9,3
S0292,2022-06-21,29.9,1
S0292,2022-07-21,29.9,1
S0293,2022-11-01,399.9,4
S0293,2023-11-01,399.9,4
S0293,2024-10-31,399.9,4
S0294,2022-01-15,129.9,3
S0294,2022-04-15,129.9,3
S0294,2022-07-14,129.9,3
S0294,2022-10-12,129.9,3
S0294,2023-01-10,129.9,3
S0294,2023-04-10,129.9,3
S0294,2023-07-09,129.9,3
S0294,2023-10-07,129.9,3
S0294,2024-01-05,129.9,3
S0294,2024-04-04,129.9,3
S0294,2024-07-03,129.9,3
S0295,2022-09-17,129.9,3
S0295,2022-12-16,129.9,3
S0296,2023-07-23,129.9,3
S0296,2023-10-21,129.9,3
S0296,2024-01-19,129.9,3
S0296,2024-04-18,129.9,3
S0296,2024-07-17,129.9,3
S0296,2024-10-15,129.9,3
S0297,2023-10-28,399.9,4
S0297,2024-10-27,399.9,4
S0298,2022-03-28,49.9,2
S0298,2022-04-27,49.9,2
S0298,2022-05-27,49.9,2
S0299,2022-07-08,29.9,1
S0299,2022-08-07,29.9,1
S0299,2022-09-06,29.9,1
S0299,2022-10-06,29.9,1
S0299,2022-11-05,29.9,1
S0299,2022-12-05,29.9,1
S0299,2023-01-04,29.9,1
S0299,2023-02-03,29.9,1
S0299,2023-03-05,29.9,1
S0299,2023-04-04,29.9,1
S0299,2023-05-04,29.9,1
S0299,2023-06-03,29.9,1
S0299,2023-07-03,29.9,1
S0299,2023-08-02,29.9,1
S0299,2023-09-01,29.9,1
S0299,2023-10-01,29.9,1
S0299,2023-10-31,29.9,1
S0299,2023-11-30,29.9,1
S0299,2023-12-30,29.9,1
S0299,2024-01-29,29.9,1
S0299,2024-02-28,29.9,1
S0299,2024-03-29,29.9,1
S0299,2024-04-28,29.9,1
S0299,2024-05-28,29.9,1
S0299,2024-06-27,29.9,1
S0299,2024-07-27,29.9,1
S0299,2024-08-26,29.9,1
S0299,2024-09-25,29.9,1
S0299,2024-10-25,29.9,1
S0299,2024-11-24,29.9,1
S0299,2024-12-24,29.9,1
S0300,2023-03-30,399.9,4
S0300,2024-03-29,399.9,4
S0301,2022-12-23,49.9,2
S0301,2023-01-22,49.9,2
S0301,2023-02-21,49.9,2
S0301,2023-03-23,49.9,2
S0301,2023-04-22,49.9,2
S0301,2023-05-22,49.9,2
S0301,2023-06-21,49.9,2
S0301,2023-07-21,49.9,2
S0301,2023-08-20,49.9,2
S0301,2023-09-19,49.9,2
S0301,2023-10-19,49.9,2
S0301,2023-11-18,49.9,2
S0301,2023-12-18,49.9,2
S0301,2024-01-17,49.9,2
S0301,2024-02-16,49.9,2
S0301,2024-03-17,49.9,2
S0301,2024-04-16,49.9,2
S0301,2024-05-16,49.9,2
S0301,2024-06-15,49.9,2
S0302,2023-06-08,29.9,1
S0303,2022-04-28,29.9,1
S0303,2022-05-28,29.9,1
S0303,2022-06-27,29.9,1
S0303,2022-07-27,29.9,1
S0303,2022-08-26,29.9,1
S0303,2022-09-25,29.9,1
S0303,2022-10-25,29.9,1
S0303,2022-11-24,29.9,1
S0303,2022-12-24,29.9,1
S0303,2023-01-23,29.9,1
S0303,2023-02-22,29.9,1
S0303,2023-03-24,29.9,1
S0303,2023-04-23,29.9,1
S0303,2023-05-23,29.9,1
S0303,2023-06-22,29.9,1
S0303,2023-07-22,29.9,1
S0303,2023-08-21,29.9,1
S0303,2023-09-20,29.9,1
S0303,2023-10-20,29.9,1
S0303,2023-11-19,29.9,1
S0303,2023-12-19,29.9,1
S0303,2024-01-18,29.9,1
S0303,2024-02-17,29.9,1
S0303,2024-03-18,29.9,1
S0303,2024-04-17,29.9,1
S0303,2024-05-17,29.9,1
S0303,2024-06-16,29.9,1
S0303,2024-07-16,29.9,1
S0303,2024-08-15,29.9,1
S0303,2024-09-14,29.9,1
S0303,2024-10-14,29.9,1
S0303,2024-11-13,29.9,1
S0303,2024-12-13,29.9,1
S0304,2023-07-20,49.9,2
S0304,2023-08-19,49.9,2
S0304,2023-09-18,49.9,2
S0304,2023-10-18,49.9,2
S0304,2023-11-17,49.9,2
S0304,2023-12-17,49.9,2
S0305,2023-02-28,129.9,3
S0305,2023-05-29,129.9,3
S0305,2023-08-27,129.9,3
S0305,2023-11-25,129.9,3
S0305,2024-02-23,129.9,3
S0305,2024-05-23,129.9,3
S0305,2024-08-21,129.9,3
S0305,2024-11-19,129.9,3
S0306,2023-11-19,29.9,1
S0306,2023-12-19,29.9,1
S0306,2024-01-18,29.9,1
S0307,2024-05-06,399.9,4
S0308,2022-12-26,49.9,2
S0308,2023-01-25,49.9,2
S0308,2023-02-24,49.9,2
S0309,2022-11-03,399.9,4
S0309,2023-11-03,399.9,4
S0309,2024-11-02,399.9,4
S0310,2023-04-03,399.9,4
S0310,2024-04-02,399.9,4
S0311,2023-09-03,29.9,1
S0311,2023-10-03,29.9,1
S0311,2023-11-02,29.9,1
S0311,2023-12-02,29.9,1
S0311,2024-01-01,29.9,1
S0311,2024-01-31,29.9,1
S0311,2024-03-01,29.9,1
S0311,2024-03-31,29.9,1
S0311,2024-04-30,29.9,1
S0311,2024-05-30,29.9,1
S0311,2024-06-29,29.9,1
S0311,2024-07-29,29.9,1
S0311,2024-08-28,29.9,1
S0311,2024-09-27,29.9,1
S0311,2024-10-27,29.9,1
S0311,2024-11-26,29.9,1
S0311,2024-12-26,29.9,1
S0312,2022-12-21,399.9,4
S0312,2023-12-21,399.9,4
S0312,2024-12-20,399.9,4
S0313,2023-05-18,399.9,4
S0313,2024-05-17,399.9,4
S0314,2023-03-23,29.9,1
S0314,2023-04-22,29.9,1
S0314,2023-05-22,29.9,1
S0314,2023-06-21,29.9,1
S0314,2023-07-21,29.9,1
S0314,2023-08-20,29.9,1
S0314,2023-09-19,29.9,1
S0314,2023-10-19,29.9,1
S0314,2023-11-18,29.9,1
S0314,2023-12-18,29.9,1
S0314,2024-01-17,29.9,1
S0314,2024-02-16,29.9,1
S0314,2024-03-17,29.9,1
S0314,2024-04-16,29.9,1
S0314,2024-05-16,29.9,1
S0314,2024-06-15,29.9,1
S0314,2024-07-15,29.9,1
S0314,2024-08-14,29.9,1
S0314,2024-09-13,29.9,1
S0315,2022-04-29,129.9,3
S0315,2022-07-28,129.9,3
S0315,2022-10-26,129.9,3
S0315,2023-01-24,129.9,3
S0315,2023-04-24,129.9,3
S0315,2023-07-23,129.9,3
S0315,2023-10-21,129.9,3
S0315,2024-01-19,129.9,3
S0315,2024-04-18,129.9,3
S0315,2024-07-17,129.9,3
S0315,2024-10-15,129.9,3
S0316,2023-12-11,29.9,1
S0316,2024-01-10,29.9,1
S0317,2023-11-05,49.9,2
S0317,2023-12-05,49.9,2
S0317,2024-01-04,49.9,2
S0317,2024-02-03,49.9,2
S0317,2024-03-04,49.9,2
S0317,2024-04-03,49.9,2
S0317,2024-05-03,49.9,2
S0317,2024-06-02,49.9,2
S0317,2024-07-02,49.9,2
S0317,2024-08-01,49.9,2
S0317,2024-08-31,49.9,2
S0317,2024-09-30,49.9,2
S0317,2024-10-30,49.9,2
S0317,2024-11-29,49.9,2
S0317,2024-12-29,49.9,2
S0318,2022-08-20,49.9,2
S0318,2022-09-19,49.9,2
S0318,2022-10-19,49.9,2
S0318,2022-11-18,49.9,2
S0318,2022-12-18,49.9,2
S0318,2023-01-17,49.9,2
S0319,2024-05-07,49.9,2
S0319,2024-06-06,49.9,2
S0319,2024-07-06,49.9,2
S0319,2024-08-05,49.9,2
S0319,2024-09-04,49.9,2
S0319,2024-10-04,49.9,2
S0319,2024-11-03,49.9,2
S0320,2023-01-13,49.9,2
S0321,2022-03-16,399.9,4
S0321,2023-03-16,399.9,4
S0322,2023-06-05,399.9,4
S0322,2024-06-04,399.9,4
S0323,2024-03-27,49.9,2
S0323,2024-04-26,49.9,2
S0324,2022-11-08,399.9,4
S0324,2023-11-08,399.9,4
S0324,2024-11-07,399.9,4
S0325,2024-08-14,49.9,2
S0325,2024-09-13,49.9,2
S0325,2024-10-13,49.9,2
S0325,2024-11-12,49.9,2
S0325,2024-12-12,49.9,2
S0326,2024-02-19,29.9,1
S0326,2024-03-20,29.9,1
S0326,2024-04-19,29.9,1
S0326,2024-05-19,29.9,1
S0326,2024-06-18,29.9,1
S0326,2024-07-18,29.9,1
S0326,2024-08-17,29.9,1
S0326,2024-09-16,29.9,1
S0326,2024-10-16,29.9,1
S0326,2024-11-15,29.9,1
S0327,2022-06-18,399.9,4
S0327,2023-06-18,399.9,4
S0327,2024-06-17,399.9,4
S0328,2024-07-09,29.9,1
S0328,2024-08-08,29.9,1
S0328,2024-09-07,29.9,1
S0328,2024-10-07,29.9,1
S0328,2024-11-06,29.9,1
S0328,2024-12-06,29.9,1
S0329,2022-07-21,49.9,2
S0329,2022-08-20,49.9,2
S0329,2022-09-19,49.9,2
S0329,2022-10-19,49.9,2
S0329,2022-11-18,49.9,2
S0329,2022-12-18,49.9,2
S0329,2023-01-17,49.9,2
S0330,2023-03-30,49.9,2
S0330,2023-04-29,49.9,2
S0330,2023-05-29,49.9,2
S0331,2022-07-09,29.9,1
S0331,2022-08-08,29.9,1
S0331,2022-09-07,29.9,1
S0331,2022-10-07,29.9,1
S0331,2022-11-06,29.9,1
S0331,2022-12-06,29.9,1
S0331,2023-01-05,29.9,1
S0331,2023-02-04,29.9,1
S0331,2023-03-06,29.9,1
S0331,2023-04-05,29.9,1
S0331,2023-05-05,29.9,1
S0332,2024-08-12,399.9,4
S0333,2022-09-22,129.9,3
S0333,2022-12-21,129.9,3
S0333,2023-03-21,129.9,3
S0333,2023-06-19,129.9,3
S0333,2023-09-17,129.9,3
S0333,2023-12-16,129.9,3
S0333,2024-03-15,129.9,3
S0333,2024-06-13,129.9,3
S0333,2024-09-11,129.9,3
S0333,2024-12-10,129.9,3
S0334,2023-02-16,49.9,2
S0334,2023-03-18,49.9,2
S0334,2023-04-17,49.9,2
S0334,2023-05-17,49.9,2
S0334,2023-06-16,49.9,2
S0334,2023-07-16,49.9,2
S0334,2023-08-15,49.9,2
S0334,2023-09-14,49.9,2
S0334,2023-10-14,49.9,2
S0334,2023-11-13,49.9,2
S0334,2023-12-13,49.9,2
S0334,2024-01-12,49.9,2
S0334,2024-02-11,49.9,2
S0334,2024-03-12,49.9,2
S0334,2024-04-11,49.9,2
S0334,2024-05-11,49.9,2
S0334,2024-06-10,49.9,2
S0334,2024-07-10,49.9,2
S0334,2024-08-09,49.9,2
S0334,2024-09-08,49.9,2
S0334,2024-10-08,49.9,2
S0334,2024-11-07,49.9,2
S0334,2024-12-07,49.9,2
S0335,2022-11-07,129.9,3
S0335,2023-02-05,129.9,3
S0335,2023-05-06,129.9,3
S0335,2023-08-04,129.9,3
S0335,2023-11-02,129.9,3
S0335,2024-01-31,129.9,3
S0335,2024-04-30,129.9,3
S0335,2024-07-29,129.9,3
S0335,2024-10-27,129.9,3
S0336,2024-07-01,129.9,3
S0336,2024-09-29,129.9,3
S0336,2024-12-28,129.9,3
S0337,2024-07-15,49.9,2
S0337,2024-08-14,49.9,2
S0337,2024-09-13,49.9,2
S0337,2024-10-13,49.9,2
S0337,2024-11-12,49.9,2
S0337,2024-12-12,49.9,2
S0338,2023-12-08,29.9,1
S0338,2024-01-07,29.9,1
S0338,2024-02-06,29.9,1
S0338,2024-03-07,29.9,1
S0338,2024-04-06,29.9,1
S0339,2024-06-17,29.9,1
S0340,2024-05-28,49.9,2
S0340,2024-06-27,49.9,2
S0340,2024-07-27,49.9,2
S0340,2024-08-26,49.9,2
S0340,2024-09-25,49.9,2
S0340,2024-10-25,49.9,2
S0340,2024-11-24,49.9,2
S0340,2024-12-24,49.9,2
S0341,2022-09-24,49.9,2
S0341,2022-10-24,49.9,2
S0341,2022-11-23,49.9,2
S0341,2022-12-23,49.9,2
S0341,2023-01-22,49.9,2
S0341,2023-02-21,49.9,2
S0341,2023-03-23,49.9,2
S0341,2023-04-22,49.9,2
S0341,2023-05-22,49.9,2
S0341,2023-06-21,49.9,2
S0341,2023-07-21,49.9,2
S0341,2023-08-20,49.9,2
S0341,2023-09-19,49.9,2
S0341,2023-10-19,49.9,2
S0341,2023-11-18,49.9,2
S0342,2023-03-05,29.9,1
S0342,2023-04-04,29.9,1
S0342,2023-05-04,29.9,1
S0342,2023-06-03,29.9,1
S0342,2023-07-03,29.9,1
S0342,2023-08-02,29.9,1
S0342,2023-09-01,29.9,1
S0342,2023-10-01,29.9,1
S0342,2023-10-31,29.9,1
S0342,2023-11-30,29.9,1
S0342,2023-12-30,29.9,1
S0342,2024-01-29,29.9,1
S0343,2022-11-22,49.9,2
S0343,2022-12-22,49.9,2
S0343,2023-01-21,49.9,2
S0343,2023-02-20,49.9,2
S0343,2023-03-22,49.9,2
S0343,2023-04-21,49.9,2
S0343,2023-05-21,49.9,2
S0343,2023-06-20,49.9,2
S0343,2023-07-20,49.9,2
S0343,2023-08-19,49.9,2
S0343,2023-09-18,49.9,2
S0343,2023-10-18,49.9,2
S0343,2023-11-17,49.9,2
S0343,2023-12-17,49.9,2
S0343,2024-01-16,49.9,2
S0343,2024-02-15,49.9,2
S0343,2024-03-16,49.9,2
S0343,2024-04-15,49.9,2
S0343,2024-05-15,49.9,2
S0343,2024-06-14,49.9,2
S0343,2024-07-14,49.9,2
S0343,2024-08-13,49.9,2
S0343,2024-09-12,49.9,2
S0343,2024-10-12,49.9,2
S0343,2024-11-11,49.9,2
S0343,2024-12-11,49.9,2
S0344,2024-02-03,129.9,3
S0344,2024-05-03,129.9,3
S0344,2024-08-01,129.9,3
S0344,2024-10-30,129.9,3
S0345,2022-10-01,29.9,1
S0345,2022-10-31,29.9,1
S0345,2022-11-30,29.9,1
S0345,2022-12-30,29.9,1
S0345,2023-01-29,29.9,1
S0346,2024-09-08,399.9,4
S0347,2022-01-27,29.9,1
S0347,2022-02-26,29.9,1
S0347,2022-03-28,29.9,1
S0347,2022-04-27,29.9,1
S0347,2022-05-27,29.9,1
S0347,2022-06-26,29.9,1
S0347,2022-07-26,29.9,1
S0348,2023-09-26,49.9,2
S0348,2023-10-26,49.9,2
S0348,2023-11-25,49.9,2
S0349,2023-09-05,399.9,4
S0349,2024-09-04,399.9,4
S0350,2022-04-08,399.9,4
S0350,2023-04-08,399.9,4
S0350,2024-04-07,399.9,4
S0351,2022-01-20,399.9,4
S0351,2023-01-20,399.9,4
S0351,2024-01-20,399.9,4
S0352,2023-11-27,129.9,3
S0352,2024-02-25,129.9,3
S0352,2024-05-25,129.9,3
S0352,2024-08-23,129.9,3
S0352,2024-11-21,129.9,3
S0353,2024-06-18,399.9,4
S0354,2023-03-19,399.9,4
S0354,2024-03-18,399.9,4
S0355,2022-12-30,29.9,1
S0355,2023-01-29,29.9,1
S0355,2023-02-28,29.9,1
S0355,2023-03-30,29.9,1
S0355,2023-04-29,29.9,1
S0355,2023-05-29,29.9,1
S0355,2023-06-28,29.9,1
S0355,2023-07-28,29.9,1
S0355,2023-08-27,29.9,1
S0355,2023-09-26,29.9,1
S0355,2023-10-26,29.9,1
S0355,2023-11-25,29.9,1
S0355,2023-12-25,29.9,1
S0355,2024-01-24,29.9,1
S0355,2024-02-23,29.9,1
S0355,2024-03-24,29.9,1
S0355,2024-04-23,29.9,1
S0356,2024-08-15,129.9,3
S0356,2024-11-13,129.9,3
S0357,2022-05-10,399.9,4
S0357,2023-05-10,399.9,4
S0357,2024-05-09,399.9,4
S0358,2022-01-17,399.9,4
S0358,2023-01-17,399.9,4
S0358,2024-01-17,399.9,4
S0359,2022-03-13,399.9,4
S0359,2023-03-13,399.9,4
S0359,2024-03-12,399.9,4
S0360,2024-05-20,129.9,3
S0360,2024-08-18,129.9,3
S0360,2024-11-16,129.9,3
S0361,2023-07-16,399.9,4
S0361,2024-07-15,399.9,4
S0362,2022-06-20,399.9,4
S0362,2023-06-20,399.9,4
S0362,2024-06-19,399.9,4
S0363,2024-07-12,49.9,2
S0363,2024-08-11,49.9,2
S0363,2024-09-10,49.9,2
S0363,2024-10-10,49.9,2
S0363,2024-11-09,49.9,2
S0363,2024-12-09,49.9,2
S0364,2023-11-05,29.9,1
S0364,2023-12-05,29.9,1
S0364,2024-01-04,29.9,1
S0364,2024-02-03,29.9,1
S0364,2024-03-04,29.9,1
S0364,2024-04-03,29.9,1
S0364,2024-05-03,29.9,1
S0364,2024-06-02,29.9,1
S0364,2024-07-02,29.9,1
S0364,2024-08-01,29.9,1
S0364,2024-08-31,29.9,1
S0364,2024-09-30,29.9,1
S0364,2024-10-30,29.9,1
S0364,2024-11-29,29.9,1
S0364,2024-12-29,29.9,1
S0365,2022-02-02,49.9,2
S0365,2022-03-04,49.9,2
S0365,2022-04-03,49.9,2
S0365,2022-05-03,49.9,2
S0365,2022-06-02,49.9,2
S0365,2022-07-02,49.9,2
S0365,2022-08-01,49.9,2
S0365,2022-08-31,49.9,2
S0365,2022-09-30,49.9,2
S0365,2022-10-30,49.9,2
S0365,2022-11-29,49.9,2
S0365,2022-12-29,49.9,2
S0365,2023-01-28,49.9,2
S0365,2023-02-27,49.9,2
S0365,2023-03-29,49.9,2
S0365,2023-04-28,49.9,2
S0365,2023-05-28,49.9,2
S0365,2023-06-27,49.9,2
S0365,2023-07-27,49.9,2
S0365,2023-08-26,49.9,2
S0365,2023-09-25,49.9,2
S0365,2023-10-25,49.9,2
S0365,2023-11-24,49.9,2
S0365,2023-12-24,49.9,2
S0365,2024-01-23,49.9,2
S0365,2024-02-22,49.9,2
S0365,2024-03-23,49.9,2
S0365,2024-04-22,49.9,2
S0366,2022-01-21,399.9,4
S0366,2023-01-21,399.9,4
S0366,2024-01-21,399.9,4
S0367,2024-07-29,129.9,3
S0367,2024-10-27,129.9,3
S0368,2022-02-01,49.9,2
S0368,2022-03-03,49.9,2
S0368,2022-04-02,49.9,2
S0368,2022-05-02,49.9,2
S0368,2022-06-01,49.9,2
S0368,2022-07-01,49.9,2
S0369,2022-11-25,129.9,3
S0369,2023-02-23,129.9,3
S0369,2023-05-24,129.9,3
S0369,2023-08-22,129.9,3
S0369,2023-11-20,129.9,3
S0369,2024-02-18,129.9,3
S0369,2024-05-18,129.9,3
S0369,2024-08-16,129.9,3
S0369,2024-11-14,129.9,3
S0370,2022-07-07,129.9,3
S0370,2022-10-05,129.9,3
S0370,2023-01-03,129.9,3
S0370,2023-04-03,129.9,3
S0370,2023-07-02,129.9,3
S0370,2023-09-30,129.9,3
S0370,2023-12-29,129.9,3
S0371,2022-12-31,49.9,2
S0371,2023-01-30,49.9,2
S0371,2023-03-01,49.9,2
S0371,2023-03-31,49.9,2
S0371,2023-04-30,49.9,2
S0371,2023-05-30,49.9,2
S0371,2023-06-29,49.9,2
S0371,2023-07-29,49.9,2
S0371,2023-08-28,49.9,2
S0371,2023-09-27,49.9,2
S0371,2023-10-27,49.9,2
S0371,2023-11-26,49.9,2
S0371,2023-12-26,49.9,2
S0371,2024-01-25,49.9,2
S0371,2024-02-24,49.9,2
S0371,2024-03-25,49.9,2
S0371,2024-04-24,49.9,2
S0371,2024-05-24,49.9,2
S0371,2024-06-23,49.9,2
S0371,2024-07-23,49.9,2
S0371,2024-08-22,49.9,2
S0371,2024-09-21,49.9,2
S0371,2024-10-21,49.9,2
S0371,2024-11-20,49.9,2
S0371,2024-12-20,49.9,2
S0372,2023-10-08,129.9,3
S0372,2024-01-06,129.9,3
S0372,2024-04-05,129.9,3
S0372,2024-07-04,129.9,3
S0372,2024-10-02,129.9,3
S0373,2022-05-24,49.9,2
S0373,2022-06-23,49.9,2
S0373,2022-07-23,49.9,2
S0373,2022-08-22,49.9,2
S0373,2022-09-21,49.9,2
S0373,2022-10-21,49.9,2
S0373,2022-11-20,49.9,2
S0373,2022-12-20,49.9,2
S0373,2023-01-19,49.9,2
S0373,2023-02-18,49.9,2
S0373,2023-03-20,49.9,2
S0373,2023-04-19,49.9,2
S0373,2023-05-19,49.9,2
S0373,2023-06-18,49.9,2
S0373,2023-07-18,49.9,2
S0373,2023-08-17,49.9,2
S0373,2023-09-16,49.9,2
S0373,2023-10-16,49.9,2
S0373,2023-11-15,49.9,2
S0373,2023-12-15,49.9,2
S0373,2024-01-14,49.9,2
S0373,2024-02-13,49.9,2
S0373,2024-03-14,49.9,2
S0373,2024-04-13,49.9,2
S0373,2024-05-13,49.9,2
S0373,2024-06-12,49.9,2
S0373,2024-07-12,49.9,2
S0373,2024-08-11,49.9,2
S0373,2024-09-10,49.9,2
S0373,2024-10-10,49.9,2
S0373,2024-11-09,49.9,2
S0373,2024-12-09,49.9,2
S0374,2023-09-22,129.9,3
S0374,2023-12-21,129.9,3
S0375,2022-11-11,49.9,2
S0375,2022-12-11,49.9,2
S0375,2023-01-10,49.9,2
S0375,2023-02-09,49.9,2
S0375,2023-03-11,49.9,2
S0375,2023-04-10,49.9,2
S0375,2023-05-10,49.9,2
S0375,2023-06-09,49.9,2
S0375,2023-07-09,49.9,2
S0375,2023-08-08,49.9,2
S0375,2023-09-07,49.9,2
S0375,2023-10-07,49.9,2
S0375,2023-11-06,49.9,2
S0375,2023-12-06,49.9,2
S0375,2024-01-05,49.9,2
S0375,2024-02-04,49.9,2
S0375,2024-03-05,49.9,2
S0375,2024-04-04,49.9,2
S0375,2024-05-04,49.9,2
S0375,2024-06-03,49.9,2
S0375,2024-07-03,49.9,2
S0375,2024-08-02,49.9,2
S0375,2024-09-01,49.9,2
S0375,2024-10-01,49.9,2
S0375,2024-10-31,49.9,2
S0375,2024-11-30,49.9,2
S0375,2024-12-30,49.9,2
S0376,2023-12-28,129.9,3
S0376,2024-03-27,129.9,3
S0376,2024-06-25,129.9,3
S0376,2024-09-23,129.9,3
S0376,2024-12-22,129.9,3
S0377,2023-12-09,129.9,3
S0377,2024-03-08,129.9,3
S0377,2024-06-06,129.9,3
S0377,2024-09-04,129.9,3
S0377,2024-12-03,129.9,3
S0378,2022-08-05,399.9,4
S0378,2023-08-05,399.9,4
S0378,2024-08-04,399.9,4
S0379,2024-09-20,129.9,3
S0379,2024-12-19,129.9,3
S0380,2023-07-10,49.9,2
S0380,2023-08-09,49.9,2
S0380,2023-09-08,49.9,2
S0381,2023-11-06,399.9,4
S0381,2024-11-05,399.9,4
S0382,2022-10-23,399.9,4
S0382,2023-10-23,399.9,4
S0382,2024-10-22,399.9,4
S0383,2024-01-03,129.9,3
S0383,2024-04-02,129.9,3
S0383,2024-07-01,129.9,3
S0383,2024-09-29,129.9,3
S0383,2024-12-28,129.9,3
S0384,2022-11-10,49.9,2
S0384,2022-12-10,49.9,2
S0384,2023-01-09,49.9,2
S0384,2023-02-08,49.9,2
S0384,2023-03-10,49.9,2
S0384,2023-04-09,49.9,2
S0384,2023-05-09,49.9,2
S0385,2022-12-22,29.9,1
S0385,2023-01-21,29.9,1
S0385,2023-02-20,29.9,1
S0385,2023-03-22,29.9,1
S0385,2023-04-21,29.9,1
S0385,2023-05-21,29.9,1
S0385,2023-06-20,29.9,1
S0385,2023-07-20,29.9,1
S0385,2023-08-19,29.9,1
S0385,2023-09-18,29.9,1
S0385,2023-10-18,29.9,1
S0385,2023-11-17,29.9,1
S0385,2023-12-17,29.9,1
S0385,2024-01-16,29.9,1
S0385,2024-02-15,29.9,1
S0385,2024-03-16,29.9,1
S0385,2024-04-15,29.9,1
S0385,2024-05-15,29.9,1
S0385,2024-06-14,29.9,1
S0385,2024-07-14,29.9,1
S0385,2024-08-13,29.9,1
S0385,2024-09-12,29.9,1
S0385,2024-10-12,29.9,1
S0385,2024-11-11,29.9,1
S0386,2022-05-04,49.9,2
S0386,2022-06-03,49.9,2
S0386,2022-07-03,49.9,2
S0386,2022-08-02,49.9,2
S0386,2022-09-01,49.9,2
S0386,2022-10-01,49.9,2
S0386,2022-10-31,49.9,2
S0386,2022-11-30,49.9,2
S0386,2022-12-30,49.9,2
S0386,2023-01-29,49.9,2
S0386,2023-02-28,49.9,2
S0386,2023-03-30,49.9,2
S0386,2023-04-29,49.9,2
S0386,2023-05-29,49.9,2
S0386,2023-06-28,49.9,2
S0386,2023-07-28,49.9,2
S0386,2023-08-27,49.9,2
S0386,2023-09-26,49.9,2
S0386,2023-10-26,49.9,2
S0387,2023-09-03,129.9,3
S0387,2023-12-02,129.9,3
S0387,2024-03-01,129.9,3
S0388,2022-03-13,399.9,4
S0388,2023-03-13,399.9,4
S0388,2024-03-12,399.9,4
S0389,2022-01-15,49.9,2
S0389,2022-02-14,49.9,2
S0389,2022-03-16,49.9,2
S0389,2022-04-15,49.9,2
S0389,2022-05-15,49.9,2
S0389,2022-06-14,49.9,2
S0389,2022-07-14,49.9,2
S0389,2022-08-13,49.9,2
S0389,2022-09-12,49.9,2
S0389,2022-10-12,49.9,2
S0389,2022-11-11,49.9,2
S0389,2022-12-11,49.9,2
S0389,2023-01-10,49.9,2
S0389,2023-02-09,49.9,2
S0389,2023-03-11,49.9,2
S0389,2023-04-10,49.9,2
S0389,2023-05-10,49.9,2
S0389,2023-06-09,49.9,2
S0390,2023-07-04,29.9,1
S0390,2023-08-03,29.9,1
S0390,2023-09-02,29.9,1
S0391,2023-07-22,49.9,2
S0391,2023-08-21,49.9,2
S0391,2023-09-20,49.9,2
S0391,2023-10-20,49.9,2
S0391,2023-11-19,49.9,2
S0391,2023-12-19,49.9,2
S0391,2024-01-18,49.9,2
S0391,2024-02-17,49.9,2
S0391,2024-03-18,49.9,2
S0391,2024-04-17,49.9,2
S0391,2024-05-17,49.9,2
S0391,2024-06-16,49.9,2
S0391,2024-07-16,49.9,2
S0391,2024-08-15,49.9,2
S0391,2024-09-14,49.9,2
S0391,2024-10-14,49.9,2
S0391,2024-11-13,49.9,2
S0391,2024-12-13,49.9,2
S0392,2022-09-21,399.9,4
S0392,2023-09-21,399.9,4
S0392,2024-09-20,399.9,4
S0393,2023-01-29,129.9,3
S0393,2023-04-29,129.9,3
S0393,2023-07-28,129.9,3
S0393,2023-10-26,129.9,3
S0393,2024-01-24,129.9,3
S0393,2024-04-23,129.9,3
S0393,2024-07-22,129.9,3
S0393,2024-10-20,129.9,3
S0394,2023-12-18,29.9,1
S0394,2024-01-17,29.9,1
S0394,2024-02-16,29.9,1
S0394,2024-03-17,29.9,1
S0394,2024-04-16,29.9,1
S0394,2024-05-16,29.9,1
S0394,2024-06-15,29.9,1
S0394,2024-07-15,29.9,1
S0394,2024-08-14,29.9,1
S0394,2024-09-13,29.9,1
S0394,2024-10-13,29.9,1
S0394,2024-11-12,29.9,1
S0394,2024-12-12,29.9,1
S0395,2023-08-31,49.9,2
S0395,2023-09-30,49.9,2
S0395,2023-10-30,49.9,2
S0395,2023-11-29,49.9,2
S0395,2023-12-29,49.9,2
S0395,2024-01-28,49.9,2
S0395,2024-02-27,49.9,2
S0395,2024-03-28,49.9,2
S0395,2024-04-27,49.9,2
S0395,2024-05-27,49.9,2
S0395,2024-06-26,49.9,2
S0395,2024-07-26,49.9,2
S0395,2024-08-25,49.9,2
S0395,2024-09-24,49.9,2
S0395,2024-10-24,49.9,2
S0395,2024-11-23,49.9,2
S0395,2024-12-23,49.9,2
S0396,2022-06-13,129.9,3
S0396,2022-09-11,129.9,3
S0396,2022-12-10,129.9,3
S0396,2023-03-10,129.9,3
S0396,2023-06-08,129.9,3
S0396,2023-09-06,129.9,3
S0396,2023-12-05,129.9,3
S0396,2024-03-04,129.9,3
S0396,2024-06-02,129.9,3
S0396,2024-08-31,129.9,3
S0396,2024-11-29,129.9,3
S0397,2023-06-25,49.9,2
S0397,2023-07-25,49.9,2
S0397,2023-08-24,49.9,2
S0397,2023-09-23,49.9,2
S0397,2023-10-23,49.9,2
S0397,2023-11-22,49.9,2
S0397,2023-12-22,49.9,2
S0397,2024-01-21,49.9,2
S0397,2024-02-20,49.9,2
S0397,2024-03-21,49.9,2
S0397,2024-04-20,49.9,2
S0397,2024-05-20,49.9,2
S0397,2024-06-19,49.9,2
S0397,2024-07-19,49.9,2
S0397,2024-08-18,49.9,2
S0397,2024-09-17,49.9,2
S0397,2024-10-17,49.9,2
S0397,2024-11-16,49.9,2
S0397,2024-12-16,49.9,2
S0398,2022-06-27,29.9,1
S0398,2022-07-27,29.9,1
S0398,2022-08-26,29.9,1
S0398,2022-09-25,29.9,1
S0398,2022-10-25,29.9,1
S0399,2024-03-23,129.9,3
S0399,2024-06-21,129.9,3
S0399,2024-09-19,129.9,3
S0400,2024-10-01,129.9,3
S0400,2024-12-30,129.9,3
S0401,2022-05-22,29.9,1
S0401,2022-06-21,29.9,1
S0401,2022-07-21,29.9,1
S0401,2022-08-20,29.9,1
S0401,2022-09-19,29.9,1
S0401,2022-10-19,29.9,1
S0401,2022-11-18,29.9,1
S0401,2022-12-18,29.9,1
S0401,2023-01-17,29.9,1
S0401,2023-02-16,29.9,1
S0401,2023-03-18,29.9,1
S0401,2023-04-17,29.9,1
S0401,2023-05-17,29.9,1
S0401,2023-06-16,29.9,1
S0401,2023-07-16,29.9,1
S0401,2023-08-15,29.9,1
S0401,2023-09-14,29.9,1
S0401,2023-10-14,29.9,1
S0401,2023-11-13,29.9,1
S0401,2023-12-13,29.9,1
S0401,2024-01-12,29.9,1
S0401,2024-02-11,29.9,1
S0401,2024-03-12,29.9,1
S0401,2024-04-11,29.9,1
S0401,2024-05-11,29.9,1
S0401,2024-06-10,29.9,1
S0401,2024-07-10,29.9,1
S0401,2024-08-09,29.9,1
S0401,2024-09-08,29.9,1
S0401,2024-10-08,29.9,1
S0401,2024-11-07,29.9,1
S0401,2024-12-07,29.9,1
S0402,2023-12-14,399.9,4
S0402,2024-12-13,399.9,4
S0403,2024-09-17,399.9,4
S0404,2022-06-29,29.9,1
S0404,2022-07-29,29.9,1
S0404,2022-08-28,29.9,1
S0404,2022-09-27,29.9,1
S0404,2022-10-27,29.9,1
S0404,2022-11-26,29.9,1
S0404,2022-12-26,29.9,1
S0404,2023-01-25,29.9,1
S0404,2023-02-24,29.9,1
S0404,2023-03-26,29.9,1
S0404,2023-04-25,29.9,1
S0404,2023-05-25,29.9,1
S0404,2023-06-24,29.9,1
S0404,2023-07-24,29.9,1
S0404,2023-08-23,29.9,1
S0404,2023-09-22,29.9,1
S0404,2023-10-22,29.9,1
S0404,2023-11-21,29.9,1
S0404,2023-12-21,29.9,1
S0404,2024-01-20,29.9,1
S0404,2024-02-19,29.9,1
S0404,2024-03-20,29.9,1
S0404,2024-04-19,29.9,1
S0404,2024-05-19,29.9,1
S0404,2024-06-18,29.9,1
S0404,2024-07-18,29.9,1
S0404,2024-08-17,29.9,1
S0404,2024-09-16,29.9,1
S0404,2024-10-16,29.9,1
S0404,2024-11-15,29.9,1
S0404,2024-12-15,29.9,1
S0405,2022-11-08,399.9,4
S0405,2023-11-08,399.9,4
S0405,2024-11-07,399.9,4
S0406,2023-11-14,49.9,2
S0406,2023-12-14,49.9,2
S0406,2024-01-13,49.9,2
S0406,2024-02-12,49.9,2
S0406,2024-03-13,49.9,2
S0406,2024-04-12,49.9,2
S0406,2024-05-12,49.9,2
S0406,2024-06-11,49.9,2
S0406,2024-07-11,49.9,2
S0406,2024-08-10,49.9,2
S0406,2024-09-09,49.9,2
S0406,2024-10-09,49.9,2
S0406,2024-11-08,49.9,2
S0406,2024-12-08,49.9,2
S0407,2024-04-29,49.9,2
S0407,2024-05-29,49.9,2
S0407,2024-06-28,49.9,2
S0407,2024-07-28,49.9,2
S0407,2024-08-27,49.9,2
S0407,2024-09-26,49.9,2
S0408,2022-12-15,129.9,3
S0408,2023-03-15,129.9,3
S0408,2023-06-13,129.9,3
S0408,2023-09-11,129.9,3
S0408,2023-12-10,129.9,3
S0408,2024-03-09,129.9,3
S0408,2024-06-07,129.9,3
S0408,2024-09-05,129.9,3
S0408,2024-12-04,129.9,3
S0409,2024-04-23,399.9,4
S0410,2024-01-18,399.9,4
S0411,2023-10-03,399.9,4
S0411,2024-10-02,399.9,4
S0412,2022-03-23,29.9,1
S0412,2022-04-22,29.9,1
S0412,2022-05-22,29.9,1
S0412,2022-06-21,29.9,1
S0412,2022-07-21,29.9,1
S0412,2022-08-20,29.9,1
S0412,2022-09-19,29.9,1
S0412,2022-10-19,29.9,1
S0412,2022-11-18,29.9,1
S0412,2022-12-18,29.9,1
S0412,2023-01-17,29.9,1
S0412,2023-02-16,29.9,1
S0412,2023-03-18,29.9,1
S0412,2023-04-17,29.9,1
S0412,2023-05-17,29.9,1
S0412,2023-06-16,29.9,1
S0412,2023-07-16,29.9,1
S0412,2023-08-15,29.9,1
S0412,2023-09-14,29.9,1
S0412,2023-10-14,29.9,1
S0412,2023-11-13,29.9,1
S0412,2023-12-13,29.9,1
S0412,2024-01-12,29.9,1
S0412,2024-02-11,29.9,1
S0412,2024-03-12,29.9,1
S0412,2024-04-11,29.9,1
S0412,2024-05-11,29.9,1
S0412,2024-06-10,29.9,1
S0412,2024-07-10,29.9,1
S0412,2024-08-09,29.9,1
S0412,2024-09-08,29.9,1
S0413,2022-11-25,29.9,1
S0413,2022-12-25,29.9,1
S0413,2023-01-24,29.9,1
S0413,2023-02-23,29.9,1
S0413,2023-03-25,29.9,1
S0413,2023-04-24,29.9,1
S0413,2023-05-24,29.9,1
S0413,2023-06-23,29.9,1
S0413,2023-07-23,29.9,1
S0413,2023-08-22,29.9,1
S0413,2023-09-21,29.9,1
S0413,2023-10-21,29.9,1
S0413,2023-11-20,29.9,1
S0413,2023-12-20,29.9,1
S0413,2024-01-19,29.9,1
S0413,2024-02-18,29.9,1
S0413,2024-03-19,29.9,1
S0413,2024-04-18,29.9,1
S0413,2024-05-18,29.9,1
S0413,2024-06-17,29.9,1
S0413,2024-07-17,29.9,1
S0414,2023-06-18,129.9,3
S0414,2023-09-16,129.9,3
S0414,2023-12-15,129.9,3
S0414,2024-03-14,129.9,3
S0414,2024-06-12,129.9,3
S0414,2024-09-10,129.9,3
S0414,2024-12-09,129.9,3
S0415,2023-06-04,129.9,3
S0415,2023-09-02,129.9,3
S0415,2023-12-01,129.9,3
S0415,2024-02-29,129.9,3
S0415,2024-05-29,129.9,3
S0415,2024-08-27,129.9,3
S0415,2024-11-25,129.9,3
S0416,2024-06-18,29.9,1
S0416,2024-07-18,29.9,1
S0416,2024-08-17,29.9,1
S0416,2024-09-16,29.9,1
S0416,2024-10-16,29.9,1
S0417,2023-05-18,399.9,4
S0417,2024-05-17,399.9,4
S0418,2023-01-13,29.9,1
S0418,2023-02-12,29.9,1
S0418,2023-03-14,29.9,1
S0419,2022-05-02,129.9,3
S0419,2022-07-31,129.9,3
S0419,2022-10-29,129.9,3
S0419,2023-01-27,129.9,3
S0419,2023-04-27,129.9,3
S0419,2023-07-26,129.9,3
S0419,2023-10-24,129.9,3
S0419,2024-01-22,129.9,3
S0419,2024-04-21,129.9,3
S0419,2024-07-20,129.9,3
S0419,2024-10-18,129.9,3
S0420,2023-01-14,399.9,4
S0420,2024-01-14,399.9,4
S0421,2023-10-01,129.9,3
S0421,2023-12-30,129.9,3
S0421,2024-03-29,129.9,3
S0421,2024-06-27,129.9,3
S0421,2024-09-25,129.9,3
S0421,2024-12-24,129.9,3
S0422,2023-06-14,399.9,4
S0422,2024-06-13,399.9,4
S0423,2022-10-21,399.9,4
S0423,2023-10-21,399.9,4
S0423,2024-10-20,399.9,4
S0424,2022-04-27,29.9,1
S0424,2022-05-27,29.9,1
S0424,2022-06-26,29.9,1
S0424,2022-07-26,29.9,1
S0424,2022-08-25,29.9,1
S0424,2022-09-24,29.9,1
S0424,2022-10-24,29.9,1
S0424,2022-11-23,29.9,1
S0424,2022-12-23,29.9,1
S0424,2023-01-22,29.9,1
S0424,2023-02-21,29.9,1
S0424,2023-03-23,29.9,1
S0424,2023-04-22,29.9,1
S0424,2023-05-22,29.9,1
S0424,2023-06-21,29.9,1
S0424,2023-07-21,29.9,1
S0424,2023-08-20,29.9,1
S0424,2023-09-19,29.9,1
S0424,2023-10-19,29.9,1
S0424,2023-11-18,29.9,1
S0424,2023-12-18,29.9,1
S0424,2024-01-17,29.9,1
S0424,2024-02-16,29.9,1
S0424,2024-03-17,29.9,1
S0424,2024-04-16,29.9,1
S0424,2024-05-16,29.9,1
S0424,2024-06-15,29.9,1
S0424,2024-07-15,29.9,1
S0424,2024-08-14,29.9,1
S0424,2024-09-13,29.9,1
S0424,2024-10-13,29.9,1
S0424,2024-11-12,29.9,1
S0424,2024-12-12,29.9,1
S0425,2022-01-03,129.9,3
S0425,2022-04-03,129.9,3
S0425,2022-07-02,129.9,3
S0425,2022-09-30,129.9,3
S0425,2022-12-29,129.9,3
S0425,2023-03-29,129.9,3
S0425,2023-06-27,129.9,3
S0425,2023-09-25,129.9,3
S0425,2023-12-24,129.9,3
S0425,2024-03-23,129.9,3
S0425,2024-06-21,129.9,3
S0425,2024-09-19,129.9,3
S0425,2024-12-18,129.9,3
S0426,2023-10-09,129.9,3
S0426,2024-01-07,129.9,3
S0426,2024-04-06,129.9,3
S0426,2024-07-05,129.9,3
S0426,2024-10-03,129.9,3
S0427,2023-10-22,399.9,4
S0427,2024-10-21,399.9,4
S0428,2024-02-07,399.9,4
S0429,2024-09-15,29.9,1
S0429,2024-10-15,29.9,1
S0429,2024-11-14,29.9,1
S0429,2024-12-14,29.9,1
S0430,2023-05-01,399.9,4
S0430,2024-04-30,399.9,4
S0431,2023-06-26,49.9,2
S0431,2023-07-26,49.9,2
S0431,2023-08-25,49.9,2
S0431,2023-09-24,49.9,2
S0431,2023-10-24,49.9,2
S0431,2023-11-23,49.9,2
S0431,2023-12-23,49.9,2
S0431,2024-01-22,49.9,2
S0431,2024-02-21,49.9,2
S0431,2024-03-22,49.9,2
S0431,2024-04-21,49.9,2
S0431,2024-05-21,49.9,2
S0431,2024-06-20,49.9,2
S0431,2024-07-20,49.9,2
S0431,2024-08-19,49.9,2
S0431,2024-09-18,49.9,2
S0431,2024-10-18,49.9,2
S0431,2024-11-17,49.9,2
S0431,2024-12-17,49.9,2
S0432,2023-01-02,399.9,4
S0432,2024-01-02,399.9,4
S0433,2023-04-12,399.9,4
S0433,2024-04-11,399.9,4
S0434,2024-02-18,49.9,2
S0434,2024-03-19,49.9,2
S0435,2023-02-24,49.9,2
S0435,2023-03-26,49.9,2
S0435,2023-04-25,49.9,2
S0435,2023-05-25,49.9,2
S0435,2023-06-24,49.9,2
S0436,2023-08-01,399.9,4
S0437,2023-10-30,29.9,1
S0437,2023-11-29,29.9,1
S0437,2023-12-29,29.9,1
S0437,2024-01-28,29.9,1
S0438,2023-09-16,29.9,1
S0438,2023-10-16,29.9,1
S0438,2023-11-15,29.9,1
S0439,2023-05-26,29.9,1
S0439,2023-06-25,29.9,1
S0439,2023-07-25,29.9,1
S0439,2023-08-24,29.9,1
S0439,2023-09-23,29.9,1
S0439,2023-10-23,29.9,1
S0439,2023-11-22,29.9,1
S0439,2023-12-22,29.9,1
S0439,2024-01-21,29.9,1
S0439,2024-02-20,29.9,1
S0439,2024-03-21,29.9,1
S0439,2024-04-20,29.9,1
S0439,2024-05-20,29.9,1
S0439,2024-06-19,29.9,1
S0439,2024-07-19,29.9,1
S0439,2024-08-18,29.9,1
S0439,2024-09-17,29.9,1
S0440,2022-03-17,129.9,3
S0440,2022-06-15,129.9,3
S0440,2022-09-13,129.9,3
S0440,2022-12-12,129.9,3
S0440,2023-03-12,129.9,3
S0440,2023-06-10,129.9,3
S0440,2023-09-08,129.9,3
S0440,2023-12-07,129.9,3
S0440,2024-03-06,129.9,3
S0440,2024-06-04,129.9,3
S0440,2024-09-02,129.9,3
S0440,2024-12-01,129.9,3
S0441,2024-02-17,129.9,3
S0441,2024-05-17,129.9,3
S0441,2024-08-15,129.9,3
S0441,2024-11-13,129.9,3
S0442,2024-03-21,49.9,2
S0442,2024-04-20,49.9,2
S0442,2024-05-20,49.9,2
S0442,2024-06-19,49.9,2
S0442,2024-07-19,49.9,2
S0443,2023-01-10,29.9,1
S0443,2023-02-09,29.9,1
S0443,2023-03-11,29.9,1
S0443,2023-04-10,29.9,1
S0443,2023-05-10,29.9,1
S0443,2023-06-09,29.9,1
S0443,2023-07-09,29.9,1
S0443,2023-08-08,29.9,1
S0443,2023-09-07,29.9,1
S0443,2023-10-07,29.9,1
S0443,2023-11-06,29.9,1
S0443,2023-12-06,29.9,1
S0443,2024-01-05,29.9,1
S0443,2024-02-04,29.9,1
S0443,2024-03-05,29.9,1
S0443,2024-04-04,29.9,1
S0443,2024-05-04,29.9,1
S0443,2024-06-03,29.9,1
S0443,2024-07-03,29.9,1
S0443,2024-08-02,29.9,1
S0443,2024-09-01,29.9,1
S0443,2024-10-01,29.9,1
S0443,2024-10-31,29.9,1
S0443,2024-11-30,29.9,1
S0443,2024-12-30,29.9,1
S0444,2023-10-31,29.9,1
S0444,2023-11-30,29.9,1
S0444,2023-12-30,29.9,1
S0444,2024-01-29,29.9,1
S0444,2024-02-28,29.9,1
S0444,2024-03-29,29.9,1
S0444,2024-04-28,29.9,1
S0444,2024-05-28,29.9,1
S0444,2024-06-27,29.9,1
S0444,2024-07-27,29.9,1
S0444,2024-08-26,29.9,1
S0444,2024-09-25,29.9,1
S0444,2024-10-25,29.9,1
S0444,2024-11-24,29.9,1
S0444,2024-12-24,29.9,1
S0445,2024-08-31,49.9,2
S0445,2024-09-30,49.9,2
S0445,2024-10-30,49.9,2
S0445,2024-11-29,49.9,2
S0445,2024-12-29,49.9,2
S0446,2022-09-14,399.9,4
S0446,2023-09-14,399.9,4
S0446,2024-09-13,399.9,4
S0447,2023-07-30,129.9,3
S0447,2023-10-28,129.9,3
S0447,2024-01-26,129.9,3
S0447,2024-04-25,129.9,3
S0448,2024-08-12,399.9,4
S0449,2024-07-24,399.9,4
S0450,2023-09-06,29.9,1
S0450,2023-10-06,29.9,1
S0450,2023-11-05,29.9,1
S0450,2023-12-05,29.9,1
S0450,2024-01-04,29.9,1
S0450,2024-02-03,29.9,1
S0450,2024-03-04,29.9,1
S0450,2024-04-03,29.9,1
S0450,2024-05-03,29.9,1
S0450,2024-06-02,29.9,1
S0450,2024-07-02,29.9,1
S0450,2024-08-01,29.9,1
S0450,2024-08-31,29.9,1
S0450,2024-09-30,29.9,1
S0450,2024-10-30,29.9,1
S0450,2024-11-29,29.9,1
S0450,2024-12-29,29.9,1
S0451,2024-10-02,129.9,3
S0452,2022-08-10,129.9,3
S0452,2022-11-08,129.9,3
S0452,2023-02-06,129.9,3
S0452,2023-05-07,129.9,3
S0452,2023-08-05,129.9,3
S0452,2023-11-03,129.9,3
S0452,2024-02-01,129.9,3
S0452,2024-05-01,129.9,3
S0452,2024-07-30,129.9,3
S0452,2024-10-28,129.9,3
S0453,2024-01-08,129.9,3
S0453,2024-04-07,129.9,3
S0453,2024-07-06,129.9,3
S0453,2024-10-04,129.9,3
S0454,2023-05-12,29.9,1
S0454,2023-06-11,29.9,1
S0454,2023-07-11,29.9,1
S0454,2023-08-10,29.9,1
S0454,2023-09-09,29.9,1
S0454,2023-10-09,29.9,1
S0454,2023-11-08,29.9,1
S0454,2023-12-08,29.9,1
S0454,2024-01-07,29.9,1
S0454,2024-02-06,29.9,1
S0454,2024-03-07,29.9,1
S0454,2024-04-06,29.9,1
S0454,2024-05-06,29.9,1
S0454,2024-06-05,29.9,1
S0454,2024-07-05,29.9,1
S0454,2024-08-04,29.9,1
S0454,2024-09-03,29.9,1
S0454,2024-10-03,29.9,1
S0454,2024-11-02,29.9,1
S0454,2024-12-02,29.9,1
S0455,2024-02-17,129.9,3
S0455,2024-05-17,129.9,3
S0455,2024-08-15,129.9,3
S0455,2024-11-13,129.9,3
S0456,2022-07-28,49.9,2
S0456,2022-08-27,49.9,2
S0456,2022-09-26,49.9,2
S0456,2022-10-26,49.9,2
S0456,2022-11-25,49.9,2
S0456,2022-12-25,49.9,2
S0456,2023-01-24,49.9,2
S0456,2023-02-23,49.9,2
S0456,2023-03-25,49.9,2
S0456,2023-04-24,49.9,2
S0456,2023-05-24,49.9,2
S0456,2023-06-23,49.9,2
S0456,2023-07-23,49.9,2
S0456,2023-08-22,49.9,2
S0456,2023-09-21,49.9,2
S0456,2023-10-21,49.9,2
S0456,2023-11-20,49.9,2
S0456,2023-12-20,49.9,2
S0456,2024-01-19,49.9,2
S0456,2024-02-18,49.9,2
S0456,2024-03-19,49.9,2
S0456,2024-04-18,49.9,2
S0456,2024-05-18,49.9,2
S0456,2024-06-17,49.9,2
S0456,2024-07-17,49.9,2
S0456,2024-08-16,49.9,2
S0456,2024-09-15,49.9,2
S0456,2024-10-15,49.9,2
S0456,2024-11-14,49.9,2
S0456,2024-12-14,49.9,2
S0457,2024-06-22,129.9,3
S0457,2024-09-20,129.9,3
S0457,2024-12-19,129.9,3
S0458,2023-03-20,399.9,4
S0458,2024-03-19,399.9,4
S0459,2022-04-21,49.9,2
S0459,2022-05-21,49.9,2
S0459,2022-06-20,49.9,2
S0459,2022-07-20,49.9,2
S0459,2022-08-19,49.9,2
S0459,2022-09-18,49.9,2
S0459,2022-10-18,49.9,2
S0459,2022-11-17,49.9,2
S0459,2022-12-17,49.9,2
S0459,2023-01-16,49.9,2
S0459,2023-02-15,49.9,2
S0459,2023-03-17,49.9,2
S0459,2023-04-16,49.9,2
S0459,2023-05-16,49.9,2
S0459,2023-06-15,49.9,2
S0459,2023-07-15,49.9,2
S0459,2023-08-14,49.9,2
S0459,2023-09-13,49.9,2
S0459,2023-10-13,49.9,2
S0459,2023-11-12,49.9,2
S0459,2023-12-12,49.9,2
S0459,2024-01-11,49.9,2
S0459,2024-02-10,49.9,2
S0459,2024-03-11,49.9,2
S0459,2024-04-10,49.9,2
S0459,2024-05-10,49.9,2
S0459,2024-06-09,49.9,2
S0459,2024-07-09,49.9,2
S0459,2024-08-08,49.9,2
S0459,2024-09-07,49.9,2
S0459,2024-10-07,49.9,2
S0459,2024-11-06,49.9,2
S0459,2024-12-06,49.9,2
S0460,2024-04-25,49.9,2
S0460,2024-05-25,49.9,2
S0460,2024-06-24,49.9,2
S0460,2024-07-24,49.9,2
S0460,2024-08-23,49.9,2
S0460,2024-09-22,49.9,2
S0460,2024-10-22,49.9,2
S0460,2024-11-21,49.9,2
S0460,2024-12-21,49.9,2
S0461,2022-06-20,399.9,4
S0461,2023-06-20,399.9,4
S0461,2024-06-19,399.9,4
S0462,2022-01-07,29.9,1
S0462,2022-02-06,29.9,1
S0462,2022-03-08,29.9,1
S0462,2022-04-07,29.9,1
S0462,2022-05-07,29.9,1
S0462,2022-06-06,29.9,1
S0462,2022-07-06,29.9,1
S0462,2022-08-05,29.9,1
S0462,2022-09-04,29.9,1
S0462,2022-10-04,29.9,1
S0462,2022-11-03,29.9,1
S0462,2022-12-03,29.9,1
S0462,2023-01-02,29.9,1
S0462,2023-02-01,29.9,1
S0462,2023-03-03,29.9,1
S0462,2023-04-02,29.9,1
S0463,2022-10-07,49.9,2
S0463,2022-11-06,49.9,2
S0463,2022-12-06,49.9,2
S0463,2023-01-05,49.9,2
S0463,2023-02-04,49.9,2
S0463,2023-03-06,49.9,2
S0463,2023-04-05,49.9,2
S0463,2023-05-05,49.9,2
S0463,2023-06-04,49.9,2
S0463,2023-07-04,49.9,2
S0463,2023-08-03,49.9,2
S0464,2023-03-23,49.9,2
S0464,2023-04-22,49.9,2
S0464,2023-05-22,49.9,2
S0464,2023-06-21,49.9,2
S0464,2023-07-21,49.9,2
S0464,2023-08-20,49.9,2
S0464,2023-09-19,49.9,2
S0464,2023-10-19,49.9,2
S0464,2023-11-18,49.9,2
S0464,2023-12-18,49.9,2
S0464,2024-01-17,49.9,2
S0464,2024-02-16,49.9,2
S0464,2024-03-17,49.9,2
S0464,2024-04-16,49.9,2
S0464,2024-05-16,49.9,2
S0464,2024-06-15,49.9,2
S0464,2024-07-15,49.9,2
S0464,2024-08-14,49.9,2
S0464,2024-09-13,49.9,2
S0464,2024-10-13,49.9,2
S0464,2024-11-12,49.9,2
S0464,2024-12-12,49.9,2
S0465,2022-08-10,399.9,4
S0465,2023-08-10,399.9,4
S0465,2024-08-09,399.9,4
S0466,2022-09-10,49.9,2
S0466,2022-10-10,49.9,2
S0466,2022-11-09,49.9,2
S0466,2022-12-09,49.9,2
S0466,2023-01-08,49.9,2
S0466,2023-02-07,49.9,2
S0466,2023-03-09,49.9,2
S0466,2023-04-08,49.9,2
S0466,2023-05-08,49.9,2
S0466,2023-06-07,49.9,2
S0466,2023-07-07,49.9,2
S0466,2023-08-06,49.9,2
S0466,2023-09-05,49.9,2
S0466,2023-10-05,49.9,2
S0466,2023-11-04,49.9,2
S0466,2023-12-04,49.9,2
S0466,2024-01-03,49.9,2
S0466,2024-02-02,49.9,2
S0466,2024-03-03,49.9,2
S0466,2024-04-02,49.9,2
S0466,2024-05-02,49.9,2
S0466,2024-06-01,49.9,2
S0466,2024-07-01,49.9,2
S0466,2024-07-31,49.9,2
S0466,2024-08-30,49.9,2
S0466,2024-09-29,49.9,2
S0466,2024-10-29,49.9,2
S0466,2024-11-28,49.9,2
S0466,2024-12-28,49.9,2
S0467,2023-06-21,129.9,3
S0467,2023-09-19,129.9,3
S0467,2023-12-18,129.9,3
S0467,2024-03-17,129.9,3
S0467,2024-06-15,129.9,3
S0468,2024-08-08,49.9,2
S0468,2024-09-07,49.9,2
S0468,2024-10-07,49.9,2
S0468,2024-11-06,49.9,2
S0468,2024-12-06,49.9,2
S0469,2022-07-06,399.9,4
S0469,2023-07-06,399.9,4
S0469,2024-07-05,399.9,4
S0470,2022-09-09,129.9,3
S0470,2022-12-08,129.9,3
S0470,2023-03-08,129.9,3
S0470,2023-06-06,129.9,3
S0470,2023-09-04,129.9,3
S0470,2023-12-03,129.9,3
S0470,2024-03-02,129.9,3
S0470,2024-05-31,129.9,3
S0470,2024-08-29,129.9,3
S0470,2024-11-27,129.9,3
S0471,2023-05-13,49.9,2
S0471,2023-06-12,49.9,2
S0471,2023-07-12,49.9,2
S0471,2023-08-11,49.9,2
S0471,2023-09-10,49.9,2
S0471,2023-10-10,49.9,2
S0471,2023-11-09,49.9,2
S0471,2023-12-09,49.9,2
S0471,2024-01-08,49.9,2
S0471,2024-02-07,49.9,2
S0471,2024-03-08,49.9,2
S0471,2024-04-07,49.9,2
S0471,2024-05-07,49.9,2
S0471,2024-06-06,49.9,2
S0471,2024-07-06,49.9,2
S0471,2024-08-05,49.9,2
S0471,2024-09-04,49.9,2
S0471,2024-10-04,49.9,2
S0471,2024-11-03,49.9,2
S0471,2024-12-03,49.9,2
S0472,2024-09-05,49.9,2
S0472,2024-10-05,49.9,2
S0473,2022-11-07,29.9,1
S0473,2022-12-07,29.9,1
S0473,2023-01-06,29.9,1
S0473,2023-02-05,29.9,1
S0473,2023-03-07,29.9,1
S0473,2023-04-06,29.9,1
S0473,2023-05-06,29.9,1
S0473,2023-06-05,29.9,1
S0473,2023-07-05,29.9,1
S0474,2023-02-18,49.9,2
S0474,2023-03-20,49.9,2
S0474,2023-04-19,49.9,2
S0474,2023-05-19,49.9,2
S0474,2023-06-18,49.9,2
S0474,2023-07-18,49.9,2
S0474,2023-08-17,49.9,2
S0474,2023-09-16,49.9,2
S0474,2023-10-16,49.9,2
S0474,2023-11-15,49.9,2
S0474,2023-12-15,49.9,2
S0474,2024-01-14,49.9,2
S0474,2024-02-13,49.9,2
S0474,2024-03-14,49.9,2
S0474,2024-04-13,49.9,2
S0474,2024-05-13,49.9,2
S0474,2024-06-12,49.9,2
S0474,2024-07-12,49.9,2
S0474,2024-08-11,49.9,2
S0474,2024-09-10,49.9,2
S0474,2024-10-10,49.9,2
S0474,2024-11-09,49.9,2
S0474,2024-12-09,49.9,2
S0475,2022-10-10,49.9,2
S0475,2022-11-09,49.9,2
S0475,2022-12-09,49.9,2
S0475,2023-01-08,49.9,2
S0475,2023-02-07,49.9,2
S0476,2022-05-12,129.9,3
S0476,2022-08-10,129.9,3
S0476,2022-11-08,129.9,3
S0477,2022-08-16,49.9,2
S0478,2022-10-22,29.9,1
S0478,2022-11-21,29.9,1
S0478,2022-12-21,29.9,1
S0478,2023-01-20,29.9,1
S0478,2023-02-19,29.9,1
S0479,2024-03-20,399.9,4
S0480,2024-08-06,129.9,3
S0480,2024-11-04,129.9,3
S0481,2023-07-24,49.9,2
S0481,2023-08-23,49.9,2
S0481,2023-09-22,49.9,2
S0481,2023-10-22,49.9,2
S0481,2023-11-21,49.9,2
S0481,2023-12-21,49.9,2
S0481,2024-01-20,49.9,2
S0481,2024-02-19,49.9,2
S0481,2024-03-20,49.9,2
S0481,2024-04-19,49.9,2
S0481,2024-05-19,49.9,2
S0481,2024-06-18,49.9,2
S0481,2024-07-18,49.9,2
S0481,2024-08-17,49.9,2
S0481,2024-09-16,49.9,2
S0481,2024-10-16,49.9,2
S0481,2024-11-15,49.9,2
S0481,2024-12-15,49.9,2
S0482,2022-09-17,399.9,4
S0483,2022-05-03,49.9,2
S0483,2022-06-02,49.9,2
S0483,2022-07-02,49.9,2
S0483,2022-08-01,49.9,2
S0483,2022-08-31,49.9,2
S0483,2022-09-30,49.9,2
S0483,2022-10-30,49.9,2
S0483,2022-11-29,49.9,2
S0483,2022-12-29,49.9,2
S0483,2023-01-28,49.9,2
S0483,2023-02-27,49.9,2
S0483,2023-03-29,49.9,2
S0483,2023-04-28,49.9,2
S0483,2023-05-28,49.9,2
S0483,2023-06-27,49.9,2
S0483,2023-07-27,49.9,2
S0483,2023-08-26,49.9,2
S0483,2023-09-25,49.9,2
S0483,2023-10-25,49.9,2
S0483,2023-11-24,49.9,2
S0483,2023-12-24,49.9,2
S0483,2024-01-23,49.9,2
S0483,2024-02-22,49.9,2
S0483,2024-03-23,49.9,2
S0483,2024-04-22,49.9,2
S0483,2024-05-22,49.9,2
S0483,2024-06-21,49.9,2
S0483,2024-07-21,49.9,2
S0483,2024-08-20,49.9,2
S0484,2023-11-14,29.9,1
S0484,2023-12-14,29.9,1
S0484,2024-01-13,29.9,1
S0484,2024-02-12,29.9,1
S0484,2024-03-13,29.9,1
S0484,2024-04-12,29.9,1
S0484,2024-05-12,29.9,1
S0484,2024-06-11,29.9,1
S0484,2024-07-11,29.9,1
S0484,2024-08-10,29.9,1
S0484,2024-09-09,29.9,1
S0484,2024-10-09,29.9,1
S0484,2024-11-08,29.9,1
S0484,2024-12-08,29.9,1
S0485,2022-05-21,29.9,1
S0485,2022-06-20,29.9,1
S0485,2022-07-20,29.9,1
S0485,2022-08-19,29.9,1
S0485,2022-09-18,29.9,1
S0485,2022-10-18,29.9,1
S0485,2022-11-17,29.9,1
S0485,2022-12-17,29.9,1
S0485,2023-01-16,29.9,1
S0486,2023-03-26,29.9,1
S0486,2023-04-25,29.9,1
S0486,2023-05-25,29.9,1
S0486,2023-06-24,29.9,1
S0486,2023-07-24,29.9,1
S0486,2023-08-23,29.9,1
S0486,2023-09-22,29.9,1
S0486,2023-10-22,29.9,1
S0486,2023-11-21,29.9,1
S0486,2023-12-21,29.9,1
S0486,2024-01-20,29.9,1
S0486,2024-02-19,29.9,1
S0486,2024-03-20,29.9,1
S0486,2024-04-19,29.9,1
S0486,2024-05-19,29.9,1
S0486,2024-06-18,29.9,1
S0486,2024-07-18,29.9,1
S0486,2024-08-17,29.9,1
S0486,2024-09-16,29.9,1
S0486,2024-10-16,29.9,1
S0486,2024-11-15,29.9,1
S0486,2024-12-15,29.9,1
S0487,2023-08-29,399.9,4
S0487,2024-08-28,399.9,4
S0488,2022-03-04,399.9,4
S0488,2023-03-04,399.9,4
S0488,2024-03-03,399.9,4
S0489,2023-02-22,49.9,2
S0489,2023-03-24,49.9,2
S0489,2023-04-23,49.9,2
S0489,2023-05-23,49.9,2
S0489,2023-06-22,49.9,2
S0489,2023-07-22,49.9,2
S0489,2023-08-21,49.9,2
S0489,2023-09-20,49.9,2
S0489,2023-10-20,49.9,2
S0489,2023-11-19,49.9,2
S0489,2023-12-19,49.9,2
S0489,2024-01-18,49.9,2
S0489,2024-02-17,49.9,2
S0489,2024-03-18,49.9,2
S0489,2024-04-17,49.9,2
S0489,2024-05-17,49.9,2
S0489,2024-06-16,49.9,2
S0489,2024-07-16,49.9,2
S0489,2024-08-15,49.9,2
S0489,2024-09-14,49.9,2
S0490,2024-06-21,49.9,2
S0490,2024-07-21,49.9,2
S0490,2024-08-20,49.9,2
S0490,2024-09-19,49.9,2
S0490,2024-10-19,49.9,2
S0490,2024-11-18,49.9,2
S0490,2024-12-18,49.9,2
S0491,2022-10-16,29.9,1
S0492,2024-08-12,29.9,1
S0492,2024-09-11,29.9,1
S0492,2024-10-11,29.9,1
S0492,2024-11-10,29.9,1
S0492,2024-12-10,29.9,1
S0493,2024-04-21,49.9,2
S0493,2024-05-21,49.9,2
S0493,2024-06-20,49.9,2
S0493,2024-07-20,49.9,2
S0493,2024-08-19,49.9,2
S0493,2024-09-18,49.9,2
S0493,2024-10-18,49.9,2
S0493,2024-11-17,49.9,2
S0493,2024-12-17,49.9,2
S0494,2022-10-12,399.9,4
S0494,2023-10-12,399.9,4
S0494,2024-10-11,399.9,4
S0495,2022-05-17,399.9,4
S0495,2023-05-17,399.9,4
S0495,2024-05-16,399.9,4
S0496,2023-04-27,29.9,1
S0497,2022-06-30,29.9,1
S0497,2022-07-30,29.9,1
S0497,2022-08-29,29.9,1
S0497,2022-09-28,29.9,1
S0497,2022-10-28,29.9,1
S0497,2022-11-27,29.9,1
S0497,2022-12-27,29.9,1
S0497,2023-01-26,29.9,1
S0497,2023-02-25,29.9,1
S0497,2023-03-27,29.9,1
S0497,2023-04-26,29.9,1
S0497,2023-05-26,29.9,1
S0497,2023-06-25,29.9,1
S0497,2023-07-25,29.9,1
S0497,2023-08-24,29.9,1
S0498,2023-05-09,29.9,1
S0498,2023-06-08,29.9,1
S0498,2023-07-08,29.9,1
S0498,2023-08-07,29.9,1
S0498,2023-09-06,29.9,1
S0498,2023-10-06,29.9,1
S0498,2023-11-05,29.9,1
S0498,2023-12-05,29.9,1
S0498,2024-01-04,29.9,1
S0498,2024-02-03,29.9,1
S0498,2024-03-04,29.9,1
S0498,2024-04-03,29.9,1
S0498,2024-05-03,29.9,1
S0498,2024-06-02,29.9,1
S0498,2024-07-02,29.9,1
S0498,2024-08-01,29.9,1
S0498,2024-08-31,29.9,1
S0498,2024-09-30,29.9,1
S0498,2024-10-30,29.9,1
S0498,2024-11-29,29.9,1
S0498,2024-12-29,29.9,1
S0499,2022-07-12,129.9,3
S0500,2022-09-12,399.9,4
S0500,2023-09-12,399.9,4
S0500,2024-09-11,399.9,4
